{
  "associatedLayout": "Fase1",
  "lastChangeTimeStamp": 0,
  "name": "xicoEvents",
  "events": [
    {
      "colorB": 228,
      "colorG": 176,
      "colorR": 74,
      "creationTime": 0,
      "name": "Evento sem condições",
      "source": "",
      "type": "BuiltinCommonInstructions::Group",
      "events": [
        {
          "type": "BuiltinCommonInstructions::Standard",
          "conditions": [],
          "actions": [
            {
              "type": {
                "value": "RotateTowardPosition"
              },
              "parameters": [
                "xico",
                "mira.X()",
                "mira.Y()",
                "0",
                ""
              ]
            },
            {
              "type": {
                "value": "MettreXY"
              },
              "parameters": [
                "mira",
                "=",
                "MouseX()",
                "=",
                "MouseY()"
              ]
            },
            {
              "type": {
                "value": "CacheSouris"
              },
              "parameters": [
                ""
              ]
            }
          ]
        }
      ],
      "parameters": []
    },
    {
      "colorB": 228,
      "colorG": 176,
      "colorR": 74,
      "creationTime": 0,
      "name": "WSAD",
      "source": "",
      "type": "BuiltinCommonInstructions::Group",
      "events": [
        {
          "type": "BuiltinCommonInstructions::Standard",
          "conditions": [
            {
              "type": {
                "value": "KeyPressed"
              },
              "parameters": [
                "",
                "w"
              ]
            }
          ],
          "actions": [
            {
              "type": {
                "value": "TopDownMovementBehavior::SimulateUpKey"
              },
              "parameters": [
                "xico",
                "TopDownMovement"
              ]
            }
          ]
        },
        {
          "type": "BuiltinCommonInstructions::Standard",
          "conditions": [
            {
              "type": {
                "value": "KeyPressed"
              },
              "parameters": [
                "",
                "s"
              ]
            }
          ],
          "actions": [
            {
              "type": {
                "value": "TopDownMovementBehavior::SimulateDownKey"
              },
              "parameters": [
                "xico",
                "TopDownMovement"
              ]
            }
          ]
        },
        {
          "type": "BuiltinCommonInstructions::Standard",
          "conditions": [
            {
              "type": {
                "value": "KeyPressed"
              },
              "parameters": [
                "",
                "a"
              ]
            }
          ],
          "actions": [
            {
              "type": {
                "value": "TopDownMovementBehavior::SimulateLeftKey"
              },
              "parameters": [
                "xico",
                "TopDownMovement"
              ]
            }
          ]
        },
        {
          "type": "BuiltinCommonInstructions::Standard",
          "conditions": [
            {
              "type": {
                "value": "KeyPressed"
              },
              "parameters": [
                "",
                "d"
              ]
            }
          ],
          "actions": [
            {
              "type": {
                "value": "TopDownMovementBehavior::SimulateRightKey"
              },
              "parameters": [
                "xico",
                "TopDownMovement"
              ]
            }
          ]
        }
      ],
      "parameters": []
    },
    {
      "colorB": 228,
      "colorG": 176,
      "colorR": 74,
      "creationTime": 0,
      "name": "Tiro",
      "source": "",
      "type": "BuiltinCommonInstructions::Group",
      "events": [
        {
          "type": "BuiltinCommonInstructions::Standard",
          "conditions": [
            {
              "type": {
                "value": "MouseButtonReleased"
              },
              "parameters": [
                "",
                "Left"
              ]
            },
            {
              "type": {
                "inverted": true,
                "value": "CollisionNP"
              },
              "parameters": [
                "xico",
                "mira",
                "",
                "",
                ""
              ]
            }
          ],
          "actions": [
            {
              "type": {
                "value": "Create"
              },
              "parameters": [
                "",
                "bala",
                "xico.PointX(\"tiro\")",
                "xico.PointY(\"tiro\")",
                ""
              ]
            },
            {
              "type": {
                "value": "AddForceVers"
              },
              "parameters": [
                "bala",
                "mira",
                "800",
                "1"
              ]
            }
          ]
        }
      ],
      "parameters": []
    }
  ]
}