{
	"Formulário de Exemplo": {
		"prefix": "form_custom_rfs",
		"body": [
			"<!-- Formulário de exemplo-->",
			"<h2>${1:Cadastro de Clientes}</h2>",
			"<form method=\"${2:POST}\" action = \"${3:cadastro.php}\">",
			"<table class=\"table\">",
			"<tr><td>${4:Nome}</td><td><input type=\"text\" name=\"${5:nome}\" required autofocus></td></tr>",
			"<tr><td>${6:E-mail}</td><td><input type=\"${7:email}\" name=\"${8:email}\"></td></tr>",
			"<tr><td></td><td><input type=\"submit\" value=\"Enviar\"></td></tr>",
			"</table>",
			"</form>"
		],
		"description": "Formulário de Exemplo"
	}, 
	"Tabela de Exemplo": {
		"prefix": "table_html_rfs",
		"body": [
			"<!-- Tabela de exemplo-->",
			"<h2>${1:Tabela de Demonstração}</h2>",
			"<table class=\"${2:table}\">",
			"<tr><td>${3:Linha 1 Coluna 1}</td><td>${4:Linha 1 Coluna 2}</td></tr>",
			"<tr><td>${5:Linha 2 Coluna 1}</td><td>${6:Linha 2 Coluna 2}</td></tr>",
			"</table>"
		],
		"description": "Tabela de Exemplo"
	},
	"Ajuda Básica para HTML no VSCode": {
		"prefix": "ajuda_html_rfs",
		"body": [
			"Ajuda para HTML no Visual Studio Code",
			"",
			"Atalhos - digite cada atalho abaixo e tecle enter",
			"",
			"!",
			"",
			"form:post",
			"label",
			"input:text",
			"input:email",
			"input:tel",
			"input:hidden",
			"input:password",
			"select",
			"option",
			"input:submit",
			"",
			"table",
			"tr",
			"td",
			"",
			"c",
			"p",
			"",
			"img",
			"iframe",
			"embed",
			"map",
			"area",
			"Links para inserir css, favicon, javascript",
			"link:css",
			"link:favicon",
			"script:src",
			"",
			"ul>li*3>a",
			"",
			"Elementos Semânticos",
			"main",
			"header",
			"sect",
			"footer",
			"",
			"Mais dicas:",
			"https://docs.emmet.io/cheat-sheet/",
			"https://flaviocopes.com/emmet/"
		],
		"description": "Ajuda Básica para HTML no VSCode"
	},  
}
