{
  "firstLayout": "",
  "gdVersion": {
    "build": 99,
    "major": 4,
    "minor": 0,
    "revision": 0
  },
  "properties": {
    "adaptGameResolutionAtRuntime": true,
    "folderProject": false,
    "orientation": "landscape",
    "packageName": "com.example.gamename",
    "pixelsRounding": false,
    "projectUuid": "bf90ffa6-10b7-4607-ace7-d57fa5bec077",
    "scaleMode": "linear",
    "sizeOnStartupMode": "adaptWidth",
    "templateSlug": "",
    "useExternalSourceFiles": false,
    "version": "1.0.0",
    "name": "OlaMundoGD",
    "description": "",
    "author": "",
    "windowWidth": 800,
    "windowHeight": 600,
    "latestCompilationDirectory": "",
    "maxFPS": 60,
    "minFPS": 20,
    "verticalSync": false,
    "platformSpecificAssets": {},
    "loadingScreen": {
      "backgroundColor": 0,
      "backgroundFadeInDuration": 0.2,
      "backgroundImageResourceName": "",
      "gdevelopLogoStyle": "light",
      "logoAndProgressFadeInDuration": 0.2,
      "logoAndProgressLogoFadeInDelay": 0.2,
      "minDuration": 1.5,
      "progressBarColor": 16777215,
      "progressBarHeight": 20,
      "progressBarMaxWidth": 200,
      "progressBarMinWidth": 40,
      "progressBarWidthPercent": 30,
      "showGDevelopSplash": true,
      "showProgressBar": true
    },
    "authorIds": [],
    "categories": [],
    "playableDevices": [],
    "extensionProperties": [],
    "platforms": [
      {
        "name": "GDevelop JS platform"
      }
    ],
    "currentPlatform": "GDevelop JS platform"
  },
  "resources": {
    "resources": [
      {
        "alwaysLoaded": false,
        "file": "assets/Green player_dead.png",
        "kind": "image",
        "metadata": "",
        "name": "Green player_dead.png",
        "smoothed": true,
        "userAdded": false,
        "origin": {
          "identifier": "https://asset-resources.gdevelop.io/public-resources/Abstract Platformer Pack (370 assets)/PNG/Players/Player Green/78e82a1d30312057b977ca96edd8f4a12e35d98d6a21b63478654a34fd011d83_Green player_dead.png",
          "name": "Green player_dead.png"
        }
      },
      {
        "alwaysLoaded": false,
        "file": "assets/Green player_duck.png",
        "kind": "image",
        "metadata": "",
        "name": "Green player_duck.png",
        "smoothed": true,
        "userAdded": false,
        "origin": {
          "identifier": "https://asset-resources.gdevelop.io/public-resources/Abstract Platformer Pack (370 assets)/PNG/Players/Player Green/3a109cb6cac9d1dcbddc17a5e9a3823dc4b287386a1fd2e9d13d6a5bb70d1e83_Green player_duck.png",
          "name": "Green player_duck.png"
        }
      },
      {
        "alwaysLoaded": false,
        "file": "assets/Green player_fall.png",
        "kind": "image",
        "metadata": "",
        "name": "Green player_fall.png",
        "smoothed": true,
        "userAdded": false,
        "origin": {
          "identifier": "https://asset-resources.gdevelop.io/public-resources/Abstract Platformer Pack (370 assets)/PNG/Players/Player Green/47fcdeb05b9df5ef3293a0a884c6b7922969d8edc6f2c9c51ce4f8a715cc8a02_Green player_fall.png",
          "name": "Green player_fall.png"
        }
      },
      {
        "alwaysLoaded": false,
        "file": "assets/Green player_hit.png",
        "kind": "image",
        "metadata": "",
        "name": "Green player_hit.png",
        "smoothed": true,
        "userAdded": false,
        "origin": {
          "identifier": "https://asset-resources.gdevelop.io/public-resources/Abstract Platformer Pack (370 assets)/PNG/Players/Player Green/87b31a2cad5f5172de39309e13079010975ee881c903b5901e91f64f9f391f63_Green player_hit.png",
          "name": "Green player_hit.png"
        }
      },
      {
        "alwaysLoaded": false,
        "file": "assets/Green player_roll.png",
        "kind": "image",
        "metadata": "",
        "name": "Green player_roll.png",
        "smoothed": true,
        "userAdded": false,
        "origin": {
          "identifier": "https://asset-resources.gdevelop.io/public-resources/Abstract Platformer Pack (370 assets)/PNG/Players/Player Green/2b47a68e472379ccf95a07c1bb68c024f82ae2711b42abb8f6ce8df01d738410_Green player_roll.png",
          "name": "Green player_roll.png"
        }
      },
      {
        "alwaysLoaded": false,
        "file": "assets/Green player_stand.png",
        "kind": "image",
        "metadata": "",
        "name": "Green player_stand.png",
        "smoothed": true,
        "userAdded": false,
        "origin": {
          "identifier": "https://asset-resources.gdevelop.io/public-resources/Abstract Platformer Pack (370 assets)/PNG/Players/Player Green/c6ab354c7d8510e64ab87c3ee8e356ab1a4677166310320363b0704223e34eb5_Green player_stand.png",
          "name": "Green player_stand.png"
        }
      },
      {
        "alwaysLoaded": false,
        "file": "assets/Green player_swim_1.png",
        "kind": "image",
        "metadata": "",
        "name": "Green player_swim_1.png",
        "smoothed": true,
        "userAdded": false,
        "origin": {
          "identifier": "https://asset-resources.gdevelop.io/public-resources/Abstract Platformer Pack (370 assets)/PNG/Players/Player Green/0b385933134fa0c8677ef4d95e2b6ffa5f3b39150db220778eff3a8a2d5188dd_Green player_swim_1.png",
          "name": "Green player_swim_1.png"
        }
      },
      {
        "alwaysLoaded": false,
        "file": "assets/Green player_swim_2.png",
        "kind": "image",
        "metadata": "",
        "name": "Green player_swim_2.png",
        "smoothed": true,
        "userAdded": false,
        "origin": {
          "identifier": "https://asset-resources.gdevelop.io/public-resources/Abstract Platformer Pack (370 assets)/PNG/Players/Player Green/54f5d199d3cbcc8c8d65b7b5e68fd6c1cc47dcd789cfa70f7cefc8cc88032a16_Green player_swim_2.png",
          "name": "Green player_swim_2.png"
        }
      },
      {
        "alwaysLoaded": false,
        "file": "assets/Green player_switch_1.png",
        "kind": "image",
        "metadata": "",
        "name": "Green player_switch_1.png",
        "smoothed": true,
        "userAdded": false,
        "origin": {
          "identifier": "https://asset-resources.gdevelop.io/public-resources/Abstract Platformer Pack (370 assets)/PNG/Players/Player Green/4ee6a4db684747ef5bad8da8698c3f41ebf18ca82e3d5c69660f4581bb1efa37_Green player_switch_1.png",
          "name": "Green player_switch_1.png"
        }
      },
      {
        "alwaysLoaded": false,
        "file": "assets/Green player_switch_2.png",
        "kind": "image",
        "metadata": "",
        "name": "Green player_switch_2.png",
        "smoothed": true,
        "userAdded": false,
        "origin": {
          "identifier": "https://asset-resources.gdevelop.io/public-resources/Abstract Platformer Pack (370 assets)/PNG/Players/Player Green/bfa8b09206c2571831efeafdcc3dc3fe5c344f611526b926116c186458fd1c2a_Green player_switch_2.png",
          "name": "Green player_switch_2.png"
        }
      },
      {
        "alwaysLoaded": false,
        "file": "assets/Green player_up_1.png",
        "kind": "image",
        "metadata": "",
        "name": "Green player_up_1.png",
        "smoothed": true,
        "userAdded": false,
        "origin": {
          "identifier": "https://asset-resources.gdevelop.io/public-resources/Abstract Platformer Pack (370 assets)/PNG/Players/Player Green/6f05d2e7f585ab1bdd48b48eb4863cf20e1c5ea4457b709ff647794648583cc8_Green player_up_1.png",
          "name": "Green player_up_1.png"
        }
      },
      {
        "alwaysLoaded": false,
        "file": "assets/Green player_up_2.png",
        "kind": "image",
        "metadata": "",
        "name": "Green player_up_2.png",
        "smoothed": true,
        "userAdded": false,
        "origin": {
          "identifier": "https://asset-resources.gdevelop.io/public-resources/Abstract Platformer Pack (370 assets)/PNG/Players/Player Green/15ae69f3eb093f65b7ce265db7ce0e2c2004912586b552eefe5e4bec5855ffc9_Green player_up_2.png",
          "name": "Green player_up_2.png"
        }
      },
      {
        "alwaysLoaded": false,
        "file": "assets/Green player_up_3.png",
        "kind": "image",
        "metadata": "",
        "name": "Green player_up_3.png",
        "smoothed": true,
        "userAdded": false,
        "origin": {
          "identifier": "https://asset-resources.gdevelop.io/public-resources/Abstract Platformer Pack (370 assets)/PNG/Players/Player Green/9fc2f572c830512028ca37268f5cd24730a88b0af07c1fb0e219b890d9a4cbfe_Green player_up_3.png",
          "name": "Green player_up_3.png"
        }
      },
      {
        "alwaysLoaded": false,
        "file": "assets/Green player_walk_1.png",
        "kind": "image",
        "metadata": "",
        "name": "Green player_walk_1.png",
        "smoothed": true,
        "userAdded": false,
        "origin": {
          "identifier": "https://asset-resources.gdevelop.io/public-resources/Abstract Platformer Pack (370 assets)/PNG/Players/Player Green/4ea763b1b0c587fcc92c1df2068ded63d0184484af9d27e8a33d2e8768b28cb9_Green player_walk_1.png",
          "name": "Green player_walk_1.png"
        }
      },
      {
        "alwaysLoaded": false,
        "file": "assets/Green player_walk_2.png",
        "kind": "image",
        "metadata": "",
        "name": "Green player_walk_2.png",
        "smoothed": true,
        "userAdded": false,
        "origin": {
          "identifier": "https://asset-resources.gdevelop.io/public-resources/Abstract Platformer Pack (370 assets)/PNG/Players/Player Green/1050208a0ce99befcaf5fce57695630171d24e5862eb6c6e12e46cda1eaeef72_Green player_walk_2.png",
          "name": "Green player_walk_2.png"
        }
      },
      {
        "alwaysLoaded": false,
        "file": "assets/Green player_walk_3.png",
        "kind": "image",
        "metadata": "",
        "name": "Green player_walk_3.png",
        "smoothed": true,
        "userAdded": false,
        "origin": {
          "identifier": "https://asset-resources.gdevelop.io/public-resources/Abstract Platformer Pack (370 assets)/PNG/Players/Player Green/701cea20b2b4b59e369d8884847fbf02aee633b30f3981ec25e41aef49025b7a_Green player_walk_3.png",
          "name": "Green player_walk_3.png"
        }
      },
      {
        "alwaysLoaded": false,
        "file": "assets/Green player_walk_4.png",
        "kind": "image",
        "metadata": "",
        "name": "Green player_walk_4.png",
        "smoothed": true,
        "userAdded": false,
        "origin": {
          "identifier": "https://asset-resources.gdevelop.io/public-resources/Abstract Platformer Pack (370 assets)/PNG/Players/Player Green/e5a256a2189e29d2f921e551e63e6090379f4a6b4706787042bf8c496cf4f876_Green player_walk_4.png",
          "name": "Green player_walk_4.png"
        }
      },
      {
        "alwaysLoaded": false,
        "file": "assets/Green player_walk_5.png",
        "kind": "image",
        "metadata": "",
        "name": "Green player_walk_5.png",
        "smoothed": true,
        "userAdded": false,
        "origin": {
          "identifier": "https://asset-resources.gdevelop.io/public-resources/Abstract Platformer Pack (370 assets)/PNG/Players/Player Green/b659ef5c1632e85fc72e18a0a22b274d1419375467c581a66e4fa24788ad0a8f_Green player_walk_5.png",
          "name": "Green player_walk_5.png"
        }
      },
      {
        "alwaysLoaded": false,
        "file": "assets/Green door top.png",
        "kind": "image",
        "metadata": "",
        "name": "Green door top.png",
        "smoothed": true,
        "userAdded": false,
        "origin": {
          "identifier": "https://asset-resources.gdevelop.io/public-resources/Abstract Platformer Pack (370 assets)/PNG/Other/042b0da6a964fe56ffb1bc22886b08aaf248b72acceb6a6b482c8efd9f504eb1_Green door top.png",
          "name": "Green door top.png"
        }
      },
      {
        "alwaysLoaded": false,
        "file": "assets/houseSmall (1).png",
        "kind": "image",
        "metadata": "",
        "name": "houseSmall (1).png",
        "smoothed": true,
        "userAdded": false,
        "origin": {
          "identifier": "https://asset-resources.gdevelop.io/public-resources/Generic Backgrounds/Background Objects/Retina/d5785c571667961be858e8c0dcd56bcb310754e6d88b129b03740205106c845b_houseSmall (1).png",
          "name": "houseSmall (1).png"
        }
      },
      {
        "file": "olamundo.wav",
        "kind": "audio",
        "metadata": "",
        "name": "olamundo.wav",
        "preloadAsMusic": false,
        "preloadAsSound": false,
        "preloadInCache": false,
        "userAdded": true
      }
    ],
    "resourceFolders": []
  },
  "objects": [],
  "objectsGroups": [],
  "variables": [],
  "layouts": [
    {
      "b": 209,
      "disableInputWhenNotFocused": true,
      "mangledName": "Inicial",
      "name": "Inicial",
      "r": 209,
      "standardSortMethod": true,
      "stopSoundsOnStartup": true,
      "title": "",
      "v": 209,
      "uiSettings": {
        "grid": true,
        "gridType": "rectangular",
        "gridWidth": 32,
        "gridHeight": 32,
        "gridOffsetX": 0,
        "gridOffsetY": 0,
        "gridColor": 10401023,
        "gridAlpha": 0.8,
        "snap": true,
        "zoomFactor": 0.9045999999999995,
        "windowMask": false
      },
      "objectsGroups": [],
      "variables": [],
      "instances": [
        {
          "angle": 0,
          "customSize": false,
          "height": 0,
          "layer": "",
          "name": "Jogador",
          "persistentUuid": "4e581ddb-63d7-4671-be8d-9dbe0d636e3f",
          "width": 0,
          "x": 378,
          "y": 283,
          "zOrder": 1,
          "numberProperties": [],
          "stringProperties": [],
          "initialVariables": []
        },
        {
          "angle": 0,
          "customSize": true,
          "height": 64,
          "layer": "",
          "name": "Plataforma",
          "persistentUuid": "9f3ef628-4e24-4fe1-94f1-385d8079141b",
          "width": 796,
          "x": 1,
          "y": 531,
          "zOrder": 2,
          "numberProperties": [],
          "stringProperties": [],
          "initialVariables": []
        },
        {
          "angle": 0,
          "customSize": false,
          "height": 0,
          "layer": "",
          "name": "Casa",
          "persistentUuid": "a5382195-782b-468d-95c9-a8260cee3cca",
          "width": 0,
          "x": 640,
          "y": 416,
          "zOrder": 3,
          "numberProperties": [],
          "stringProperties": [],
          "initialVariables": []
        }
      ],
      "objects": [
        {
          "assetStoreId": "45352c28bc4325bfcbdfc5dda1cd6ec71d4b3f1b38f5bab8504219472340e68d",
          "name": "Jogador",
          "tags": "",
          "type": "Sprite",
          "updateIfNotVisible": false,
          "variables": [],
          "effects": [],
          "behaviors": [
            {
              "acceleration": 1500,
              "canGoDownFromJumpthru": true,
              "canGrabPlatforms": false,
              "canGrabWithoutMoving": true,
              "deceleration": 1500,
              "gravity": 1000,
              "ignoreDefaultControls": false,
              "jumpSpeed": 600,
              "jumpSustainTime": 0.2,
              "ladderClimbingSpeed": 150,
              "maxFallingSpeed": 700,
              "maxSpeed": 250,
              "name": "PlatformerObject",
              "slopeMaxAngle": 60,
              "type": "PlatformBehavior::PlatformerObjectBehavior",
              "useLegacyTrajectory": false,
              "xGrabTolerance": 10,
              "yGrabOffset": 0
            }
          ],
          "animations": [
            {
              "name": "stand",
              "useMultipleDirections": false,
              "directions": [
                {
                  "looping": true,
                  "timeBetweenFrames": 0.02500000037252903,
                  "sprites": [
                    {
                      "hasCustomCollisionMask": false,
                      "image": "Green player_stand.png",
                      "points": [],
                      "originPoint": {
                        "name": "origine",
                        "x": 0,
                        "y": 0
                      },
                      "centerPoint": {
                        "automatic": true,
                        "name": "centre",
                        "x": 0,
                        "y": 0
                      },
                      "customCollisionMask": []
                    }
                  ]
                }
              ]
            },
            {
              "name": "walk",
              "useMultipleDirections": false,
              "directions": [
                {
                  "looping": true,
                  "timeBetweenFrames": 0.02500000037252903,
                  "sprites": [
                    {
                      "hasCustomCollisionMask": false,
                      "image": "Green player_walk_1.png",
                      "points": [],
                      "originPoint": {
                        "name": "origine",
                        "x": 0,
                        "y": 0
                      },
                      "centerPoint": {
                        "automatic": true,
                        "name": "centre",
                        "x": 0,
                        "y": 0
                      },
                      "customCollisionMask": []
                    },
                    {
                      "hasCustomCollisionMask": false,
                      "image": "Green player_walk_2.png",
                      "points": [],
                      "originPoint": {
                        "name": "origine",
                        "x": 0,
                        "y": 0
                      },
                      "centerPoint": {
                        "automatic": true,
                        "name": "centre",
                        "x": 0,
                        "y": 0
                      },
                      "customCollisionMask": []
                    },
                    {
                      "hasCustomCollisionMask": false,
                      "image": "Green player_walk_3.png",
                      "points": [],
                      "originPoint": {
                        "name": "origine",
                        "x": 0,
                        "y": 0
                      },
                      "centerPoint": {
                        "automatic": true,
                        "name": "centre",
                        "x": 0,
                        "y": 0
                      },
                      "customCollisionMask": []
                    },
                    {
                      "hasCustomCollisionMask": false,
                      "image": "Green player_walk_4.png",
                      "points": [],
                      "originPoint": {
                        "name": "origine",
                        "x": 0,
                        "y": 0
                      },
                      "centerPoint": {
                        "automatic": true,
                        "name": "centre",
                        "x": 0,
                        "y": 0
                      },
                      "customCollisionMask": []
                    },
                    {
                      "hasCustomCollisionMask": false,
                      "image": "Green player_walk_5.png",
                      "points": [],
                      "originPoint": {
                        "name": "origine",
                        "x": 0,
                        "y": 0
                      },
                      "centerPoint": {
                        "automatic": true,
                        "name": "centre",
                        "x": 0,
                        "y": 0
                      },
                      "customCollisionMask": []
                    }
                  ]
                }
              ]
            },
            {
              "name": "duck",
              "useMultipleDirections": false,
              "directions": [
                {
                  "looping": true,
                  "timeBetweenFrames": 0.02500000037252903,
                  "sprites": [
                    {
                      "hasCustomCollisionMask": false,
                      "image": "Green player_duck.png",
                      "points": [],
                      "originPoint": {
                        "name": "origine",
                        "x": 0,
                        "y": 0
                      },
                      "centerPoint": {
                        "automatic": true,
                        "name": "centre",
                        "x": 0,
                        "y": 0
                      },
                      "customCollisionMask": []
                    }
                  ]
                }
              ]
            },
            {
              "name": "fall",
              "useMultipleDirections": false,
              "directions": [
                {
                  "looping": true,
                  "timeBetweenFrames": 0.02500000037252903,
                  "sprites": [
                    {
                      "hasCustomCollisionMask": false,
                      "image": "Green player_fall.png",
                      "points": [],
                      "originPoint": {
                        "name": "origine",
                        "x": 0,
                        "y": 0
                      },
                      "centerPoint": {
                        "automatic": true,
                        "name": "centre",
                        "x": 0,
                        "y": 0
                      },
                      "customCollisionMask": []
                    }
                  ]
                }
              ]
            },
            {
              "name": "swim",
              "useMultipleDirections": false,
              "directions": [
                {
                  "looping": true,
                  "timeBetweenFrames": 0.02500000037252903,
                  "sprites": [
                    {
                      "hasCustomCollisionMask": false,
                      "image": "Green player_swim_1.png",
                      "points": [],
                      "originPoint": {
                        "name": "origine",
                        "x": 0,
                        "y": 0
                      },
                      "centerPoint": {
                        "automatic": true,
                        "name": "centre",
                        "x": 0,
                        "y": 0
                      },
                      "customCollisionMask": []
                    },
                    {
                      "hasCustomCollisionMask": false,
                      "image": "Green player_swim_2.png",
                      "points": [],
                      "originPoint": {
                        "name": "origine",
                        "x": 0,
                        "y": 0
                      },
                      "centerPoint": {
                        "automatic": true,
                        "name": "centre",
                        "x": 0,
                        "y": 0
                      },
                      "customCollisionMask": []
                    }
                  ]
                }
              ]
            },
            {
              "name": "hit",
              "useMultipleDirections": false,
              "directions": [
                {
                  "looping": true,
                  "timeBetweenFrames": 0.02500000037252903,
                  "sprites": [
                    {
                      "hasCustomCollisionMask": false,
                      "image": "Green player_hit.png",
                      "points": [],
                      "originPoint": {
                        "name": "origine",
                        "x": 0,
                        "y": 0
                      },
                      "centerPoint": {
                        "automatic": true,
                        "name": "centre",
                        "x": 0,
                        "y": 0
                      },
                      "customCollisionMask": []
                    }
                  ]
                }
              ]
            },
            {
              "name": "dead",
              "useMultipleDirections": false,
              "directions": [
                {
                  "looping": true,
                  "timeBetweenFrames": 0.02500000037252903,
                  "sprites": [
                    {
                      "hasCustomCollisionMask": false,
                      "image": "Green player_dead.png",
                      "points": [],
                      "originPoint": {
                        "name": "origine",
                        "x": 0,
                        "y": 0
                      },
                      "centerPoint": {
                        "automatic": true,
                        "name": "centre",
                        "x": 0,
                        "y": 0
                      },
                      "customCollisionMask": []
                    }
                  ]
                }
              ]
            },
            {
              "name": "roll",
              "useMultipleDirections": false,
              "directions": [
                {
                  "looping": true,
                  "timeBetweenFrames": 0.02500000037252903,
                  "sprites": [
                    {
                      "hasCustomCollisionMask": false,
                      "image": "Green player_roll.png",
                      "points": [],
                      "originPoint": {
                        "name": "origine",
                        "x": 0,
                        "y": 0
                      },
                      "centerPoint": {
                        "automatic": true,
                        "name": "centre",
                        "x": 0,
                        "y": 0
                      },
                      "customCollisionMask": []
                    }
                  ]
                }
              ]
            },
            {
              "name": "switch",
              "useMultipleDirections": false,
              "directions": [
                {
                  "looping": true,
                  "timeBetweenFrames": 0.02500000037252903,
                  "sprites": [
                    {
                      "hasCustomCollisionMask": false,
                      "image": "Green player_switch_1.png",
                      "points": [],
                      "originPoint": {
                        "name": "origine",
                        "x": 0,
                        "y": 0
                      },
                      "centerPoint": {
                        "automatic": true,
                        "name": "centre",
                        "x": 0,
                        "y": 0
                      },
                      "customCollisionMask": []
                    },
                    {
                      "hasCustomCollisionMask": false,
                      "image": "Green player_switch_2.png",
                      "points": [],
                      "originPoint": {
                        "name": "origine",
                        "x": 0,
                        "y": 0
                      },
                      "centerPoint": {
                        "automatic": true,
                        "name": "centre",
                        "x": 0,
                        "y": 0
                      },
                      "customCollisionMask": []
                    }
                  ]
                }
              ]
            },
            {
              "name": "up",
              "useMultipleDirections": false,
              "directions": [
                {
                  "looping": true,
                  "timeBetweenFrames": 0.02500000037252903,
                  "sprites": [
                    {
                      "hasCustomCollisionMask": false,
                      "image": "Green player_up_1.png",
                      "points": [],
                      "originPoint": {
                        "name": "origine",
                        "x": 0,
                        "y": 0
                      },
                      "centerPoint": {
                        "automatic": true,
                        "name": "centre",
                        "x": 0,
                        "y": 0
                      },
                      "customCollisionMask": []
                    },
                    {
                      "hasCustomCollisionMask": false,
                      "image": "Green player_up_2.png",
                      "points": [],
                      "originPoint": {
                        "name": "origine",
                        "x": 0,
                        "y": 0
                      },
                      "centerPoint": {
                        "automatic": true,
                        "name": "centre",
                        "x": 0,
                        "y": 0
                      },
                      "customCollisionMask": []
                    },
                    {
                      "hasCustomCollisionMask": false,
                      "image": "Green player_up_3.png",
                      "points": [],
                      "originPoint": {
                        "name": "origine",
                        "x": 0,
                        "y": 0
                      },
                      "centerPoint": {
                        "automatic": true,
                        "name": "centre",
                        "x": 0,
                        "y": 0
                      },
                      "customCollisionMask": []
                    }
                  ]
                }
              ]
            }
          ]
        },
        {
          "assetStoreId": "6897b0158bba312c031d30a773efebb0fb92aec5fb7371da27a1b7c8cc1b11db",
          "name": "Plataforma",
          "tags": "",
          "type": "Sprite",
          "updateIfNotVisible": false,
          "variables": [],
          "effects": [],
          "behaviors": [
            {
              "canBeGrabbed": true,
              "name": "Platform",
              "platformType": "NormalPlatform",
              "type": "PlatformBehavior::PlatformBehavior",
              "yGrabOffset": 0
            }
          ],
          "animations": [
            {
              "name": "",
              "useMultipleDirections": false,
              "directions": [
                {
                  "looping": true,
                  "timeBetweenFrames": 0.02500000037252903,
                  "sprites": [
                    {
                      "hasCustomCollisionMask": false,
                      "image": "Green door top.png",
                      "points": [],
                      "originPoint": {
                        "name": "origine",
                        "x": 0,
                        "y": 0
                      },
                      "centerPoint": {
                        "automatic": true,
                        "name": "centre",
                        "x": 0,
                        "y": 0
                      },
                      "customCollisionMask": []
                    }
                  ]
                }
              ]
            }
          ]
        },
        {
          "assetStoreId": "c5150bc658fd5ea7d5e88ec258803cf853bd343001b05e6d4b45f9de55b36fbc",
          "name": "Casa",
          "tags": "",
          "type": "Sprite",
          "updateIfNotVisible": false,
          "variables": [],
          "effects": [],
          "behaviors": [],
          "animations": [
            {
              "name": "",
              "useMultipleDirections": false,
              "directions": [
                {
                  "looping": true,
                  "timeBetweenFrames": 0.02500000037252903,
                  "sprites": [
                    {
                      "hasCustomCollisionMask": false,
                      "image": "houseSmall (1).png",
                      "points": [],
                      "originPoint": {
                        "name": "origine",
                        "x": 0,
                        "y": 0
                      },
                      "centerPoint": {
                        "automatic": true,
                        "name": "centre",
                        "x": 0,
                        "y": 0
                      },
                      "customCollisionMask": []
                    }
                  ]
                }
              ]
            }
          ]
        }
      ],
      "events": [
        {
          "type": "BuiltinCommonInstructions::Standard",
          "conditions": [
            {
              "type": {
                "value": "CollisionNP"
              },
              "parameters": [
                "Jogador",
                "Casa",
                "",
                "",
                ""
              ]
            }
          ],
          "actions": [
            {
              "type": {
                "value": "PlaySound"
              },
              "parameters": [
                "",
                "olamundo.wav",
                "",
                "50",
                "1"
              ]
            },
            {
              "type": {
                "value": "Delete"
              },
              "parameters": [
                "Jogador",
                ""
              ]
            }
          ]
        }
      ],
      "layers": [
        {
          "ambientLightColorB": 0,
          "ambientLightColorG": 7952960,
          "ambientLightColorR": 16,
          "followBaseLayerCamera": false,
          "isLightingLayer": false,
          "name": "",
          "visibility": true,
          "cameras": [
            {
              "defaultSize": true,
              "defaultViewport": true,
              "height": 0,
              "viewportBottom": 1,
              "viewportLeft": 0,
              "viewportRight": 1,
              "viewportTop": 0,
              "width": 0
            }
          ],
          "effects": []
        }
      ],
      "behaviorsSharedData": [
        {
          "name": "Platform",
          "type": "PlatformBehavior::PlatformBehavior"
        },
        {
          "name": "PlatformerObject",
          "type": "PlatformBehavior::PlatformerObjectBehavior"
        }
      ]
    },
    {
      "b": 209,
      "disableInputWhenNotFocused": true,
      "mangledName": "CenaInicial",
      "name": "CenaInicial",
      "r": 209,
      "standardSortMethod": true,
      "stopSoundsOnStartup": true,
      "title": "",
      "v": 209,
      "uiSettings": {
        "grid": true,
        "gridType": "rectangular",
        "gridWidth": 32,
        "gridHeight": 32,
        "gridOffsetX": 0,
        "gridOffsetY": 0,
        "gridColor": 10401023,
        "gridAlpha": 0.8,
        "snap": true,
        "zoomFactor": 0.8939999999999995,
        "windowMask": false
      },
      "objectsGroups": [],
      "variables": [],
      "instances": [
        {
          "angle": 0,
          "customSize": false,
          "height": 0,
          "layer": "",
          "name": "Jogador",
          "persistentUuid": "4588e415-0435-4c9d-8ad8-f77694c63c4a",
          "width": 0,
          "x": 370,
          "y": 266,
          "zOrder": 1,
          "numberProperties": [],
          "stringProperties": [],
          "initialVariables": []
        },
        {
          "angle": 0,
          "customSize": true,
          "height": 80,
          "layer": "",
          "name": "Plataforma",
          "persistentUuid": "e90de69d-1812-44ac-b3b4-2d4a4608f44f",
          "width": 800,
          "x": 0,
          "y": 528,
          "zOrder": 2,
          "numberProperties": [],
          "stringProperties": [],
          "initialVariables": []
        },
        {
          "angle": 0,
          "customSize": false,
          "height": 0,
          "layer": "",
          "name": "Casa",
          "persistentUuid": "15498f6e-d912-4a71-bdfb-cf143a376adb",
          "width": 0,
          "x": 640,
          "y": 416,
          "zOrder": 3,
          "numberProperties": [],
          "stringProperties": [],
          "initialVariables": []
        }
      ],
      "objects": [
        {
          "assetStoreId": "45352c28bc4325bfcbdfc5dda1cd6ec71d4b3f1b38f5bab8504219472340e68d",
          "name": "Jogador",
          "tags": "",
          "type": "Sprite",
          "updateIfNotVisible": false,
          "variables": [],
          "effects": [],
          "behaviors": [
            {
              "name": "PlatformerObject",
              "type": "PlatformBehavior::PlatformerObjectBehavior",
              "acceleration": 1500,
              "canGoDownFromJumpthru": true,
              "canGrabPlatforms": false,
              "canGrabWithoutMoving": true,
              "deceleration": 1500,
              "gravity": 1000,
              "ignoreDefaultControls": false,
              "jumpSpeed": 600,
              "jumpSustainTime": 0.2,
              "ladderClimbingSpeed": 150,
              "maxFallingSpeed": 700,
              "maxSpeed": 250,
              "slopeMaxAngle": 60,
              "useLegacyTrajectory": false,
              "xGrabTolerance": 10,
              "yGrabOffset": 0
            }
          ],
          "animations": [
            {
              "name": "stand",
              "useMultipleDirections": false,
              "directions": [
                {
                  "looping": true,
                  "timeBetweenFrames": 0.02500000037252903,
                  "sprites": [
                    {
                      "hasCustomCollisionMask": false,
                      "image": "Green player_stand.png",
                      "points": [],
                      "originPoint": {
                        "name": "origine",
                        "x": 0,
                        "y": 0
                      },
                      "centerPoint": {
                        "automatic": true,
                        "name": "centre",
                        "x": 0,
                        "y": 0
                      },
                      "customCollisionMask": []
                    }
                  ]
                }
              ]
            },
            {
              "name": "walk",
              "useMultipleDirections": false,
              "directions": [
                {
                  "looping": true,
                  "timeBetweenFrames": 0.02500000037252903,
                  "sprites": [
                    {
                      "hasCustomCollisionMask": false,
                      "image": "Green player_walk_1.png",
                      "points": [],
                      "originPoint": {
                        "name": "origine",
                        "x": 0,
                        "y": 0
                      },
                      "centerPoint": {
                        "automatic": true,
                        "name": "centre",
                        "x": 0,
                        "y": 0
                      },
                      "customCollisionMask": []
                    },
                    {
                      "hasCustomCollisionMask": false,
                      "image": "Green player_walk_2.png",
                      "points": [],
                      "originPoint": {
                        "name": "origine",
                        "x": 0,
                        "y": 0
                      },
                      "centerPoint": {
                        "automatic": true,
                        "name": "centre",
                        "x": 0,
                        "y": 0
                      },
                      "customCollisionMask": []
                    },
                    {
                      "hasCustomCollisionMask": false,
                      "image": "Green player_walk_3.png",
                      "points": [],
                      "originPoint": {
                        "name": "origine",
                        "x": 0,
                        "y": 0
                      },
                      "centerPoint": {
                        "automatic": true,
                        "name": "centre",
                        "x": 0,
                        "y": 0
                      },
                      "customCollisionMask": []
                    },
                    {
                      "hasCustomCollisionMask": false,
                      "image": "Green player_walk_4.png",
                      "points": [],
                      "originPoint": {
                        "name": "origine",
                        "x": 0,
                        "y": 0
                      },
                      "centerPoint": {
                        "automatic": true,
                        "name": "centre",
                        "x": 0,
                        "y": 0
                      },
                      "customCollisionMask": []
                    },
                    {
                      "hasCustomCollisionMask": false,
                      "image": "Green player_walk_5.png",
                      "points": [],
                      "originPoint": {
                        "name": "origine",
                        "x": 0,
                        "y": 0
                      },
                      "centerPoint": {
                        "automatic": true,
                        "name": "centre",
                        "x": 0,
                        "y": 0
                      },
                      "customCollisionMask": []
                    }
                  ]
                }
              ]
            },
            {
              "name": "duck",
              "useMultipleDirections": false,
              "directions": [
                {
                  "looping": true,
                  "timeBetweenFrames": 0.02500000037252903,
                  "sprites": [
                    {
                      "hasCustomCollisionMask": false,
                      "image": "Green player_duck.png",
                      "points": [],
                      "originPoint": {
                        "name": "origine",
                        "x": 0,
                        "y": 0
                      },
                      "centerPoint": {
                        "automatic": true,
                        "name": "centre",
                        "x": 0,
                        "y": 0
                      },
                      "customCollisionMask": []
                    }
                  ]
                }
              ]
            },
            {
              "name": "fall",
              "useMultipleDirections": false,
              "directions": [
                {
                  "looping": true,
                  "timeBetweenFrames": 0.02500000037252903,
                  "sprites": [
                    {
                      "hasCustomCollisionMask": false,
                      "image": "Green player_fall.png",
                      "points": [],
                      "originPoint": {
                        "name": "origine",
                        "x": 0,
                        "y": 0
                      },
                      "centerPoint": {
                        "automatic": true,
                        "name": "centre",
                        "x": 0,
                        "y": 0
                      },
                      "customCollisionMask": []
                    }
                  ]
                }
              ]
            },
            {
              "name": "swim",
              "useMultipleDirections": false,
              "directions": [
                {
                  "looping": true,
                  "timeBetweenFrames": 0.02500000037252903,
                  "sprites": [
                    {
                      "hasCustomCollisionMask": false,
                      "image": "Green player_swim_1.png",
                      "points": [],
                      "originPoint": {
                        "name": "origine",
                        "x": 0,
                        "y": 0
                      },
                      "centerPoint": {
                        "automatic": true,
                        "name": "centre",
                        "x": 0,
                        "y": 0
                      },
                      "customCollisionMask": []
                    },
                    {
                      "hasCustomCollisionMask": false,
                      "image": "Green player_swim_2.png",
                      "points": [],
                      "originPoint": {
                        "name": "origine",
                        "x": 0,
                        "y": 0
                      },
                      "centerPoint": {
                        "automatic": true,
                        "name": "centre",
                        "x": 0,
                        "y": 0
                      },
                      "customCollisionMask": []
                    }
                  ]
                }
              ]
            },
            {
              "name": "hit",
              "useMultipleDirections": false,
              "directions": [
                {
                  "looping": true,
                  "timeBetweenFrames": 0.02500000037252903,
                  "sprites": [
                    {
                      "hasCustomCollisionMask": false,
                      "image": "Green player_hit.png",
                      "points": [],
                      "originPoint": {
                        "name": "origine",
                        "x": 0,
                        "y": 0
                      },
                      "centerPoint": {
                        "automatic": true,
                        "name": "centre",
                        "x": 0,
                        "y": 0
                      },
                      "customCollisionMask": []
                    }
                  ]
                }
              ]
            },
            {
              "name": "dead",
              "useMultipleDirections": false,
              "directions": [
                {
                  "looping": true,
                  "timeBetweenFrames": 0.02500000037252903,
                  "sprites": [
                    {
                      "hasCustomCollisionMask": false,
                      "image": "Green player_dead.png",
                      "points": [],
                      "originPoint": {
                        "name": "origine",
                        "x": 0,
                        "y": 0
                      },
                      "centerPoint": {
                        "automatic": true,
                        "name": "centre",
                        "x": 0,
                        "y": 0
                      },
                      "customCollisionMask": []
                    }
                  ]
                }
              ]
            },
            {
              "name": "roll",
              "useMultipleDirections": false,
              "directions": [
                {
                  "looping": true,
                  "timeBetweenFrames": 0.02500000037252903,
                  "sprites": [
                    {
                      "hasCustomCollisionMask": false,
                      "image": "Green player_roll.png",
                      "points": [],
                      "originPoint": {
                        "name": "origine",
                        "x": 0,
                        "y": 0
                      },
                      "centerPoint": {
                        "automatic": true,
                        "name": "centre",
                        "x": 0,
                        "y": 0
                      },
                      "customCollisionMask": []
                    }
                  ]
                }
              ]
            },
            {
              "name": "switch",
              "useMultipleDirections": false,
              "directions": [
                {
                  "looping": true,
                  "timeBetweenFrames": 0.02500000037252903,
                  "sprites": [
                    {
                      "hasCustomCollisionMask": false,
                      "image": "Green player_switch_1.png",
                      "points": [],
                      "originPoint": {
                        "name": "origine",
                        "x": 0,
                        "y": 0
                      },
                      "centerPoint": {
                        "automatic": true,
                        "name": "centre",
                        "x": 0,
                        "y": 0
                      },
                      "customCollisionMask": []
                    },
                    {
                      "hasCustomCollisionMask": false,
                      "image": "Green player_switch_2.png",
                      "points": [],
                      "originPoint": {
                        "name": "origine",
                        "x": 0,
                        "y": 0
                      },
                      "centerPoint": {
                        "automatic": true,
                        "name": "centre",
                        "x": 0,
                        "y": 0
                      },
                      "customCollisionMask": []
                    }
                  ]
                }
              ]
            },
            {
              "name": "up",
              "useMultipleDirections": false,
              "directions": [
                {
                  "looping": true,
                  "timeBetweenFrames": 0.02500000037252903,
                  "sprites": [
                    {
                      "hasCustomCollisionMask": false,
                      "image": "Green player_up_1.png",
                      "points": [],
                      "originPoint": {
                        "name": "origine",
                        "x": 0,
                        "y": 0
                      },
                      "centerPoint": {
                        "automatic": true,
                        "name": "centre",
                        "x": 0,
                        "y": 0
                      },
                      "customCollisionMask": []
                    },
                    {
                      "hasCustomCollisionMask": false,
                      "image": "Green player_up_2.png",
                      "points": [],
                      "originPoint": {
                        "name": "origine",
                        "x": 0,
                        "y": 0
                      },
                      "centerPoint": {
                        "automatic": true,
                        "name": "centre",
                        "x": 0,
                        "y": 0
                      },
                      "customCollisionMask": []
                    },
                    {
                      "hasCustomCollisionMask": false,
                      "image": "Green player_up_3.png",
                      "points": [],
                      "originPoint": {
                        "name": "origine",
                        "x": 0,
                        "y": 0
                      },
                      "centerPoint": {
                        "automatic": true,
                        "name": "centre",
                        "x": 0,
                        "y": 0
                      },
                      "customCollisionMask": []
                    }
                  ]
                }
              ]
            }
          ]
        },
        {
          "assetStoreId": "6897b0158bba312c031d30a773efebb0fb92aec5fb7371da27a1b7c8cc1b11db",
          "name": "Plataforma",
          "tags": "",
          "type": "Sprite",
          "updateIfNotVisible": false,
          "variables": [],
          "effects": [],
          "behaviors": [
            {
              "name": "Platform",
              "type": "PlatformBehavior::PlatformBehavior",
              "canBeGrabbed": true,
              "platformType": "NormalPlatform",
              "yGrabOffset": 0
            }
          ],
          "animations": [
            {
              "name": "",
              "useMultipleDirections": false,
              "directions": [
                {
                  "looping": true,
                  "timeBetweenFrames": 0.02500000037252903,
                  "sprites": [
                    {
                      "hasCustomCollisionMask": false,
                      "image": "Green door top.png",
                      "points": [],
                      "originPoint": {
                        "name": "origine",
                        "x": 0,
                        "y": 0
                      },
                      "centerPoint": {
                        "automatic": true,
                        "name": "centre",
                        "x": 0,
                        "y": 0
                      },
                      "customCollisionMask": []
                    }
                  ]
                }
              ]
            }
          ]
        },
        {
          "assetStoreId": "c5150bc658fd5ea7d5e88ec258803cf853bd343001b05e6d4b45f9de55b36fbc",
          "name": "Casa",
          "tags": "",
          "type": "Sprite",
          "updateIfNotVisible": false,
          "variables": [],
          "effects": [],
          "behaviors": [],
          "animations": [
            {
              "name": "",
              "useMultipleDirections": false,
              "directions": [
                {
                  "looping": true,
                  "timeBetweenFrames": 0.02500000037252903,
                  "sprites": [
                    {
                      "hasCustomCollisionMask": false,
                      "image": "houseSmall (1).png",
                      "points": [],
                      "originPoint": {
                        "name": "origine",
                        "x": 0,
                        "y": 0
                      },
                      "centerPoint": {
                        "automatic": true,
                        "name": "centre",
                        "x": 0,
                        "y": 0
                      },
                      "customCollisionMask": []
                    }
                  ]
                }
              ]
            }
          ]
        }
      ],
      "events": [
        {
          "type": "BuiltinCommonInstructions::Standard",
          "conditions": [
            {
              "type": {
                "value": "CollisionNP"
              },
              "parameters": [
                "Jogador",
                "Casa",
                "",
                "",
                ""
              ]
            }
          ],
          "actions": [
            {
              "type": {
                "value": "PlaySound"
              },
              "parameters": [
                "",
                "olamundo.wav",
                "",
                "50",
                "1"
              ]
            },
            {
              "type": {
                "value": "Delete"
              },
              "parameters": [
                "Jogador",
                ""
              ]
            }
          ]
        }
      ],
      "layers": [
        {
          "ambientLightColorB": 1,
          "ambientLightColorG": 7616096,
          "ambientLightColorR": 0,
          "followBaseLayerCamera": false,
          "isLightingLayer": false,
          "name": "",
          "visibility": true,
          "cameras": [
            {
              "defaultSize": true,
              "defaultViewport": true,
              "height": 0,
              "viewportBottom": 1,
              "viewportLeft": 0,
              "viewportRight": 1,
              "viewportTop": 0,
              "width": 0
            }
          ],
          "effects": []
        }
      ],
      "behaviorsSharedData": [
        {
          "name": "Platform",
          "type": "PlatformBehavior::PlatformBehavior"
        },
        {
          "name": "PlatformerObject",
          "type": "PlatformBehavior::PlatformerObjectBehavior"
        }
      ]
    }
  ],
  "externalEvents": [],
  "eventsFunctionsExtensions": [],
  "externalLayouts": [],
  "externalSourceFiles": []
}