<?xml version='1.0'?>
<!DOCTYPE chapter SYSTEM "/just/a/test.dtd" [
<!ENTITY plainEntity "FOO entity">
<!ENTITY systemEntity SYSTEM "xmltest2.xml">
]>
<chapter>
 <TITLE>Titulo</TITLE>
 <para>
  <informaltable>
   <tgroup cols="3">
    <tbody>
     <row><entry>a1</entry><entry morerows="1">b1</entry><entry>c1</entry></row>
     <row><entry>a2</entry><entry>c2</entry></row>
     <row><entry>a3</entry><entry>b3</entry><entry>c3</entry></row>
    </tbody>
   </tgroup>
  </informaltable>
 </para>
 &systemEntity;
 <section id="about">
  <title>Sobre este documento</title>
  <para>
   <!-- this is a comment -->
   <?php echo 'Hi!  This is PHP version '.phpversion(); ?>
  </para>
 </section>
</chapter>