{
  "firstLayout": "",
  "gdVersion": {
    "build": 99,
    "major": 4,
    "minor": 0,
    "revision": 0
  },
  "properties": {
    "adaptGameResolutionAtRuntime": true,
    "folderProject": true,
    "orientation": "landscape",
    "packageName": "br.net.ribamar.alfabetobr",
    "pixelsRounding": false,
    "projectUuid": "08327ff7-a9ed-4f5c-a553-d895089d68ac",
    "scaleMode": "linear",
    "sizeOnStartupMode": "",
    "templateSlug": "",
    "useExternalSourceFiles": false,
    "version": "1.0.0",
    "name": "Alfabeto em Português - 2",
    "description": "Jogador pressiona uma tecla do alfabeto ou clica em uma letra e seu som é emitido.",
    "author": "Ribamar FS",
    "windowWidth": 720,
    "windowHeight": 600,
    "latestCompilationDirectory": "",
    "maxFPS": 60,
    "minFPS": 20,
    "verticalSync": false,
    "platformSpecificAssets": {},
    "loadingScreen": {
      "backgroundColor": 0,
      "backgroundFadeInDuration": 0.2,
      "backgroundImageResourceName": "",
      "gdevelopLogoStyle": "light",
      "logoAndProgressFadeInDuration": 0.2,
      "logoAndProgressLogoFadeInDelay": 0.2,
      "minDuration": 1.5,
      "progressBarColor": 16777215,
      "progressBarHeight": 20,
      "progressBarMaxWidth": 200,
      "progressBarMinWidth": 40,
      "progressBarWidthPercent": 30,
      "showGDevelopSplash": true,
      "showProgressBar": true
    },
    "authorIds": [
      "UJ9yyP4H49bSz5FDX9c99IlaGXm2"
    ],
    "categories": [],
    "playableDevices": [],
    "extensionProperties": [],
    "platforms": [
      {
        "name": "GDevelop JS platform"
      }
    ],
    "currentPlatform": "GDevelop JS platform"
  },
  "resources": {
    "resources": [
      {
        "alwaysLoaded": false,
        "file": "a.png",
        "kind": "image",
        "metadata": "",
        "name": "a.png",
        "smoothed": true,
        "userAdded": false
      },
      {
        "alwaysLoaded": false,
        "file": "b.png",
        "kind": "image",
        "metadata": "",
        "name": "b.png",
        "smoothed": true,
        "userAdded": false
      },
      {
        "alwaysLoaded": false,
        "file": "c.png",
        "kind": "image",
        "metadata": "",
        "name": "c.png",
        "smoothed": true,
        "userAdded": false
      },
      {
        "file": "a.mp3",
        "kind": "audio",
        "metadata": "",
        "name": "a.mp3",
        "preloadAsMusic": false,
        "preloadAsSound": false,
        "preloadInCache": false,
        "userAdded": true
      },
      {
        "alwaysLoaded": false,
        "file": "d.png",
        "kind": "image",
        "metadata": "",
        "name": "d.png",
        "smoothed": true,
        "userAdded": false
      },
      {
        "file": "b.mp3",
        "kind": "audio",
        "metadata": "",
        "name": "b.mp3",
        "preloadAsMusic": false,
        "preloadAsSound": false,
        "preloadInCache": false,
        "userAdded": false
      },
      {
        "alwaysLoaded": false,
        "file": "e.png",
        "kind": "image",
        "metadata": "",
        "name": "e.png",
        "smoothed": true,
        "userAdded": true
      },
      {
        "alwaysLoaded": false,
        "file": "f.png",
        "kind": "image",
        "metadata": "",
        "name": "f.png",
        "smoothed": true,
        "userAdded": true
      },
      {
        "file": "c.mp3",
        "kind": "audio",
        "metadata": "",
        "name": "c.mp3",
        "preloadAsMusic": false,
        "preloadAsSound": false,
        "preloadInCache": false,
        "userAdded": true
      },
      {
        "file": "d.mp3",
        "kind": "audio",
        "metadata": "",
        "name": "d.mp3",
        "preloadAsMusic": false,
        "preloadAsSound": false,
        "preloadInCache": false,
        "userAdded": true
      }
    ],
    "resourceFolders": []
  },
  "objects": [],
  "objectsGroups": [],
  "variables": [],
  "layouts": [
    {
      "__REFERENCE_TO_SPLIT_OBJECT": true,
      "referenceTo": "/layouts/inicial"
    }
  ],
  "externalEvents": [],
  "eventsFunctionsExtensions": [],
  "externalLayouts": [],
  "externalSourceFiles": []
}