{
  "firstLayout": "",
  "gdVersion": {
    "build": 99,
    "major": 4,
    "minor": 0,
    "revision": 0
  },
  "properties": {
    "adaptGameResolutionAtRuntime": true,
    "folderProject": false,
    "orientation": "landscape",
    "packageName": "com.example.gamename",
    "pixelsRounding": false,
    "projectUuid": "a5482e1d-5023-4d2e-9e24-87275787c281",
    "scaleMode": "linear",
    "sizeOnStartupMode": "adaptWidth",
    "templateSlug": "",
    "useExternalSourceFiles": false,
    "version": "1.0.0",
    "name": "Eventos",
    "description": "",
    "author": "",
    "windowWidth": 800,
    "windowHeight": 600,
    "latestCompilationDirectory": "",
    "maxFPS": 60,
    "minFPS": 20,
    "verticalSync": false,
    "platformSpecificAssets": {},
    "loadingScreen": {
      "backgroundColor": 0,
      "backgroundFadeInDuration": 0.2,
      "backgroundImageResourceName": "",
      "gdevelopLogoStyle": "light",
      "logoAndProgressFadeInDuration": 0.2,
      "logoAndProgressLogoFadeInDelay": 0.2,
      "minDuration": 1.5,
      "progressBarColor": 16777215,
      "progressBarHeight": 20,
      "progressBarMaxWidth": 200,
      "progressBarMinWidth": 40,
      "progressBarWidthPercent": 30,
      "showGDevelopSplash": true,
      "showProgressBar": true
    },
    "authorIds": [],
    "categories": [],
    "playableDevices": [],
    "extensionProperties": [],
    "platforms": [
      {
        "name": "GDevelop JS platform"
      }
    ],
    "currentPlatform": "GDevelop JS platform"
  },
  "resources": {
    "resources": [
      {
        "alwaysLoaded": false,
        "file": "assets/Red hero_Climb_1.png",
        "kind": "image",
        "metadata": "",
        "name": "Red hero_Climb_1.png",
        "smoothed": true,
        "userAdded": false,
        "origin": {
          "identifier": "https://asset-resources.gdevelop.io/public-resources/GDevelop examples/Platformer/Player/c0cf8b48630dfab9cfba168f96c04d7de26d85a6b0139d8b85518a05d4f7a6e5_Red hero_Climb_1.png",
          "name": "Red hero_Climb_1.png"
        }
      },
      {
        "alwaysLoaded": false,
        "file": "assets/Red hero_Climb_10.png",
        "kind": "image",
        "metadata": "",
        "name": "Red hero_Climb_10.png",
        "smoothed": true,
        "userAdded": false,
        "origin": {
          "identifier": "https://asset-resources.gdevelop.io/public-resources/GDevelop examples/Platformer/Player/0cf89c59cf7ca0529a7aa8e1b3aa5807055f666cd3fb287d455008b11a49f513_Red hero_Climb_10.png",
          "name": "Red hero_Climb_10.png"
        }
      },
      {
        "alwaysLoaded": false,
        "file": "assets/Red hero_Climb_11.png",
        "kind": "image",
        "metadata": "",
        "name": "Red hero_Climb_11.png",
        "smoothed": true,
        "userAdded": false,
        "origin": {
          "identifier": "https://asset-resources.gdevelop.io/public-resources/GDevelop examples/Platformer/Player/66f2a1a99c53180c89746d0708d5e49315b2f6e8c1759221a2b3c9b5468e88f4_Red hero_Climb_11.png",
          "name": "Red hero_Climb_11.png"
        }
      },
      {
        "alwaysLoaded": false,
        "file": "assets/Red hero_Climb_12.png",
        "kind": "image",
        "metadata": "",
        "name": "Red hero_Climb_12.png",
        "smoothed": true,
        "userAdded": false,
        "origin": {
          "identifier": "https://asset-resources.gdevelop.io/public-resources/GDevelop examples/Platformer/Player/5523e22adea61682e0c5cb1f5e4455c4d56e60ded6055c8428c7f2ff27bf185a_Red hero_Climb_12.png",
          "name": "Red hero_Climb_12.png"
        }
      },
      {
        "alwaysLoaded": false,
        "file": "assets/Red hero_Climb_2.png",
        "kind": "image",
        "metadata": "",
        "name": "Red hero_Climb_2.png",
        "smoothed": true,
        "userAdded": false,
        "origin": {
          "identifier": "https://asset-resources.gdevelop.io/public-resources/GDevelop examples/Platformer/Player/46a4bfb634e1511e30dbce3bdbc914bc434728da0129024631d103a344398072_Red hero_Climb_2.png",
          "name": "Red hero_Climb_2.png"
        }
      },
      {
        "alwaysLoaded": false,
        "file": "assets/Red hero_Climb_3.png",
        "kind": "image",
        "metadata": "",
        "name": "Red hero_Climb_3.png",
        "smoothed": true,
        "userAdded": false,
        "origin": {
          "identifier": "https://asset-resources.gdevelop.io/public-resources/GDevelop examples/Platformer/Player/c391934623eefc1f4ccbf5388731f45a6ec268b5a92c5442f42ed8a1f9ba622e_Red hero_Climb_3.png",
          "name": "Red hero_Climb_3.png"
        }
      },
      {
        "alwaysLoaded": false,
        "file": "assets/Red hero_Climb_4.png",
        "kind": "image",
        "metadata": "",
        "name": "Red hero_Climb_4.png",
        "smoothed": true,
        "userAdded": false,
        "origin": {
          "identifier": "https://asset-resources.gdevelop.io/public-resources/GDevelop examples/Platformer/Player/cb5455fc0cfcbf9bc1c656edfdba9e8289bf042ce4be6a56d255326e4c564961_Red hero_Climb_4.png",
          "name": "Red hero_Climb_4.png"
        }
      },
      {
        "alwaysLoaded": false,
        "file": "assets/Red hero_Climb_5.png",
        "kind": "image",
        "metadata": "",
        "name": "Red hero_Climb_5.png",
        "smoothed": true,
        "userAdded": false,
        "origin": {
          "identifier": "https://asset-resources.gdevelop.io/public-resources/GDevelop examples/Platformer/Player/9bb083c53f58aad82fd68e50b2a44e58c71e4230cc3082869df8bceb1444680f_Red hero_Climb_5.png",
          "name": "Red hero_Climb_5.png"
        }
      },
      {
        "alwaysLoaded": false,
        "file": "assets/Red hero_Climb_6.png",
        "kind": "image",
        "metadata": "",
        "name": "Red hero_Climb_6.png",
        "smoothed": true,
        "userAdded": false,
        "origin": {
          "identifier": "https://asset-resources.gdevelop.io/public-resources/GDevelop examples/Platformer/Player/3c2f518c931050c74fc83ed58846eaf79a2bf4d4d677acc254f24c9e00c6a1f6_Red hero_Climb_6.png",
          "name": "Red hero_Climb_6.png"
        }
      },
      {
        "alwaysLoaded": false,
        "file": "assets/Red hero_Climb_7.png",
        "kind": "image",
        "metadata": "",
        "name": "Red hero_Climb_7.png",
        "smoothed": true,
        "userAdded": false,
        "origin": {
          "identifier": "https://asset-resources.gdevelop.io/public-resources/GDevelop examples/Platformer/Player/cf10b5a9db723c6d532420abe215c309e94d9824a892de5730c634d085d2bade_Red hero_Climb_7.png",
          "name": "Red hero_Climb_7.png"
        }
      },
      {
        "alwaysLoaded": false,
        "file": "assets/Red hero_Climb_8.png",
        "kind": "image",
        "metadata": "",
        "name": "Red hero_Climb_8.png",
        "smoothed": true,
        "userAdded": false,
        "origin": {
          "identifier": "https://asset-resources.gdevelop.io/public-resources/GDevelop examples/Platformer/Player/e5f77d0c27ec1f55e677c1ef83a0e7e949dfae8a13bb43bf600395e05e0a1464_Red hero_Climb_8.png",
          "name": "Red hero_Climb_8.png"
        }
      },
      {
        "alwaysLoaded": false,
        "file": "assets/Red hero_Climb_9.png",
        "kind": "image",
        "metadata": "",
        "name": "Red hero_Climb_9.png",
        "smoothed": true,
        "userAdded": false,
        "origin": {
          "identifier": "https://asset-resources.gdevelop.io/public-resources/GDevelop examples/Platformer/Player/39c34aca1f17a5499b0a422569c904765f41bab4123b58842382a1a8e8bc146a_Red hero_Climb_9.png",
          "name": "Red hero_Climb_9.png"
        }
      },
      {
        "alwaysLoaded": false,
        "file": "assets/Red hero_Fall.png",
        "kind": "image",
        "metadata": "",
        "name": "Red hero_Fall.png",
        "smoothed": true,
        "userAdded": false,
        "origin": {
          "identifier": "https://asset-resources.gdevelop.io/public-resources/GDevelop examples/Platformer/Player/656a89793d71b354188d68be411a07bd0901c16698b6c20ae15dc968f408b8f3_Red hero_Fall.png",
          "name": "Red hero_Fall.png"
        }
      },
      {
        "alwaysLoaded": false,
        "file": "assets/Red hero_Idle_1.png",
        "kind": "image",
        "metadata": "",
        "name": "Red hero_Idle_1.png",
        "smoothed": true,
        "userAdded": false,
        "origin": {
          "identifier": "https://asset-resources.gdevelop.io/public-resources/GDevelop examples/Platformer/Player/afd5f71a304e8e42022cfd356c5f2b94ae174d49fd0cc8324685833b81e4edbc_Red hero_Idle_1.png",
          "name": "Red hero_Idle_1.png"
        }
      },
      {
        "alwaysLoaded": false,
        "file": "assets/Red hero_Idle_2.png",
        "kind": "image",
        "metadata": "",
        "name": "Red hero_Idle_2.png",
        "smoothed": true,
        "userAdded": false,
        "origin": {
          "identifier": "https://asset-resources.gdevelop.io/public-resources/GDevelop examples/Platformer/Player/b5b9ce79a5fd4f320fcde2fc0a16a3d46cceec7f92cae9e6b30a3fe84b676366_Red hero_Idle_2.png",
          "name": "Red hero_Idle_2.png"
        }
      },
      {
        "alwaysLoaded": false,
        "file": "assets/Red hero_Idle_3.png",
        "kind": "image",
        "metadata": "",
        "name": "Red hero_Idle_3.png",
        "smoothed": true,
        "userAdded": false,
        "origin": {
          "identifier": "https://asset-resources.gdevelop.io/public-resources/GDevelop examples/Platformer/Player/93429ca693da9ef67a3713eb1244481f62202098b2c0fd3278d96a0dcfefa766_Red hero_Idle_3.png",
          "name": "Red hero_Idle_3.png"
        }
      },
      {
        "alwaysLoaded": false,
        "file": "assets/Red hero_Idle_4.png",
        "kind": "image",
        "metadata": "",
        "name": "Red hero_Idle_4.png",
        "smoothed": true,
        "userAdded": false,
        "origin": {
          "identifier": "https://asset-resources.gdevelop.io/public-resources/GDevelop examples/Platformer/Player/b5b9ce79a5fd4f320fcde2fc0a16a3d46cceec7f92cae9e6b30a3fe84b676366_Red hero_Idle_4.png",
          "name": "Red hero_Idle_4.png"
        }
      },
      {
        "alwaysLoaded": false,
        "file": "assets/Red hero_Jump.png",
        "kind": "image",
        "metadata": "",
        "name": "Red hero_Jump.png",
        "smoothed": true,
        "userAdded": false,
        "origin": {
          "identifier": "https://asset-resources.gdevelop.io/public-resources/GDevelop examples/Platformer/Player/91c303a98c7369bd8989fec189a839dddea86f103c9c825650ffadcdb7ae467f_Red hero_Jump.png",
          "name": "Red hero_Jump.png"
        }
      },
      {
        "alwaysLoaded": false,
        "file": "assets/Red hero_Run_1.png",
        "kind": "image",
        "metadata": "",
        "name": "Red hero_Run_1.png",
        "smoothed": true,
        "userAdded": false,
        "origin": {
          "identifier": "https://asset-resources.gdevelop.io/public-resources/GDevelop examples/Platformer/Player/01b696c2d40c8972d8aa7bae7186e2c55658d2c86c1f59f29d3cb5dc5edbfb20_Red hero_Run_1.png",
          "name": "Red hero_Run_1.png"
        }
      },
      {
        "alwaysLoaded": false,
        "file": "assets/Red hero_Run_10.png",
        "kind": "image",
        "metadata": "",
        "name": "Red hero_Run_10.png",
        "smoothed": true,
        "userAdded": false,
        "origin": {
          "identifier": "https://asset-resources.gdevelop.io/public-resources/GDevelop examples/Platformer/Player/aaa534752eb52902ae57e0da1c554c266b5750ac8867dac533179b9b6dd260c0_Red hero_Run_10.png",
          "name": "Red hero_Run_10.png"
        }
      },
      {
        "alwaysLoaded": false,
        "file": "assets/Red hero_Run_11.png",
        "kind": "image",
        "metadata": "",
        "name": "Red hero_Run_11.png",
        "smoothed": true,
        "userAdded": false,
        "origin": {
          "identifier": "https://asset-resources.gdevelop.io/public-resources/GDevelop examples/Platformer/Player/3af7fc4e0193aed436f25ec8b5f18b900ca7dfa00ccacc9276240a65e05c1213_Red hero_Run_11.png",
          "name": "Red hero_Run_11.png"
        }
      },
      {
        "alwaysLoaded": false,
        "file": "assets/Red hero_Run_12.png",
        "kind": "image",
        "metadata": "",
        "name": "Red hero_Run_12.png",
        "smoothed": true,
        "userAdded": false,
        "origin": {
          "identifier": "https://asset-resources.gdevelop.io/public-resources/GDevelop examples/Platformer/Player/fc1d723b7b1a7d22d0c46d8d5029e241fcc07c7c570ecc11378d2d96c4a5e6fd_Red hero_Run_12.png",
          "name": "Red hero_Run_12.png"
        }
      },
      {
        "alwaysLoaded": false,
        "file": "assets/Red hero_Run_13.png",
        "kind": "image",
        "metadata": "",
        "name": "Red hero_Run_13.png",
        "smoothed": true,
        "userAdded": false,
        "origin": {
          "identifier": "https://asset-resources.gdevelop.io/public-resources/GDevelop examples/Platformer/Player/e683efa0d35a0d47c86dacad5bb8db2d588a073e3ffd911205cabf73df751036_Red hero_Run_13.png",
          "name": "Red hero_Run_13.png"
        }
      },
      {
        "alwaysLoaded": false,
        "file": "assets/Red hero_Run_14.png",
        "kind": "image",
        "metadata": "",
        "name": "Red hero_Run_14.png",
        "smoothed": true,
        "userAdded": false,
        "origin": {
          "identifier": "https://asset-resources.gdevelop.io/public-resources/GDevelop examples/Platformer/Player/d918e343b50b8f788246f43053f7be331aa5e7ca052ce48b2057549990e766a0_Red hero_Run_14.png",
          "name": "Red hero_Run_14.png"
        }
      },
      {
        "alwaysLoaded": false,
        "file": "assets/Red hero_Run_15.png",
        "kind": "image",
        "metadata": "",
        "name": "Red hero_Run_15.png",
        "smoothed": true,
        "userAdded": false,
        "origin": {
          "identifier": "https://asset-resources.gdevelop.io/public-resources/GDevelop examples/Platformer/Player/52433bf97cf5922a404d81747720632af6d2e43076666d8c9bb3758368c0c437_Red hero_Run_15.png",
          "name": "Red hero_Run_15.png"
        }
      },
      {
        "alwaysLoaded": false,
        "file": "assets/Red hero_Run_16.png",
        "kind": "image",
        "metadata": "",
        "name": "Red hero_Run_16.png",
        "smoothed": true,
        "userAdded": false,
        "origin": {
          "identifier": "https://asset-resources.gdevelop.io/public-resources/GDevelop examples/Platformer/Player/76bbb0ad4a3a187e8277aeb05e705e4fd89b49ff499eb5b0ca7bdd5a82cfb20b_Red hero_Run_16.png",
          "name": "Red hero_Run_16.png"
        }
      },
      {
        "alwaysLoaded": false,
        "file": "assets/Red hero_Run_17.png",
        "kind": "image",
        "metadata": "",
        "name": "Red hero_Run_17.png",
        "smoothed": true,
        "userAdded": false,
        "origin": {
          "identifier": "https://asset-resources.gdevelop.io/public-resources/GDevelop examples/Platformer/Player/d7857f8bb38df53a23a6d1d39b97ff4cae3453386d70fea898656ed5359e2a64_Red hero_Run_17.png",
          "name": "Red hero_Run_17.png"
        }
      },
      {
        "alwaysLoaded": false,
        "file": "assets/Red hero_Run_18.png",
        "kind": "image",
        "metadata": "",
        "name": "Red hero_Run_18.png",
        "smoothed": true,
        "userAdded": false,
        "origin": {
          "identifier": "https://asset-resources.gdevelop.io/public-resources/GDevelop examples/Platformer/Player/c19a73cc3ac85b803f78d29e656e3162ed20d31c6a9d37efda188497cc58ce0a_Red hero_Run_18.png",
          "name": "Red hero_Run_18.png"
        }
      },
      {
        "alwaysLoaded": false,
        "file": "assets/Red hero_Run_19.png",
        "kind": "image",
        "metadata": "",
        "name": "Red hero_Run_19.png",
        "smoothed": true,
        "userAdded": false,
        "origin": {
          "identifier": "https://asset-resources.gdevelop.io/public-resources/GDevelop examples/Platformer/Player/edf072b840e918427a9090d3cf84c9021e9e09b95f98c6148e8ea8b445991ad6_Red hero_Run_19.png",
          "name": "Red hero_Run_19.png"
        }
      },
      {
        "alwaysLoaded": false,
        "file": "assets/Red hero_Run_2.png",
        "kind": "image",
        "metadata": "",
        "name": "Red hero_Run_2.png",
        "smoothed": true,
        "userAdded": false,
        "origin": {
          "identifier": "https://asset-resources.gdevelop.io/public-resources/GDevelop examples/Platformer/Player/9e6101d493da686269f0ff21b8bcedb79e6b49a43ea215692a562871110b2936_Red hero_Run_2.png",
          "name": "Red hero_Run_2.png"
        }
      },
      {
        "alwaysLoaded": false,
        "file": "assets/Red hero_Run_3.png",
        "kind": "image",
        "metadata": "",
        "name": "Red hero_Run_3.png",
        "smoothed": true,
        "userAdded": false,
        "origin": {
          "identifier": "https://asset-resources.gdevelop.io/public-resources/GDevelop examples/Platformer/Player/dcd4b8b225f539b639727e9d9b2789cc754ffeca579d6753bb4ab6f7215fbf74_Red hero_Run_3.png",
          "name": "Red hero_Run_3.png"
        }
      },
      {
        "alwaysLoaded": false,
        "file": "assets/Red hero_Run_4.png",
        "kind": "image",
        "metadata": "",
        "name": "Red hero_Run_4.png",
        "smoothed": true,
        "userAdded": false,
        "origin": {
          "identifier": "https://asset-resources.gdevelop.io/public-resources/GDevelop examples/Platformer/Player/ddcf009cd21fb33fa984a1df49b8d4519a2ae7cfb5f10fd45be9757f174a18cb_Red hero_Run_4.png",
          "name": "Red hero_Run_4.png"
        }
      },
      {
        "alwaysLoaded": false,
        "file": "assets/Red hero_Run_5.png",
        "kind": "image",
        "metadata": "",
        "name": "Red hero_Run_5.png",
        "smoothed": true,
        "userAdded": false,
        "origin": {
          "identifier": "https://asset-resources.gdevelop.io/public-resources/GDevelop examples/Platformer/Player/d0f31730c38b9ee3c608b15438134dcbd0fd762172b8903409c2f6483e6098cc_Red hero_Run_5.png",
          "name": "Red hero_Run_5.png"
        }
      },
      {
        "alwaysLoaded": false,
        "file": "assets/Red hero_Run_6.png",
        "kind": "image",
        "metadata": "",
        "name": "Red hero_Run_6.png",
        "smoothed": true,
        "userAdded": false,
        "origin": {
          "identifier": "https://asset-resources.gdevelop.io/public-resources/GDevelop examples/Platformer/Player/d2ee7048e44eac52ffc60c1139f88476ad0bde68129ee009a7a7fbd1729ccb09_Red hero_Run_6.png",
          "name": "Red hero_Run_6.png"
        }
      },
      {
        "alwaysLoaded": false,
        "file": "assets/Red hero_Run_7.png",
        "kind": "image",
        "metadata": "",
        "name": "Red hero_Run_7.png",
        "smoothed": true,
        "userAdded": false,
        "origin": {
          "identifier": "https://asset-resources.gdevelop.io/public-resources/GDevelop examples/Platformer/Player/18f6b0d618718471dbce14651d7b8eef292f4f4fe8296f5d8d8662089ac1daee_Red hero_Run_7.png",
          "name": "Red hero_Run_7.png"
        }
      },
      {
        "alwaysLoaded": false,
        "file": "assets/Red hero_Run_8.png",
        "kind": "image",
        "metadata": "",
        "name": "Red hero_Run_8.png",
        "smoothed": true,
        "userAdded": false,
        "origin": {
          "identifier": "https://asset-resources.gdevelop.io/public-resources/GDevelop examples/Platformer/Player/0c7459b1540abdf1f14530702f539e8261e61a37a6ecff6dec6bf88c0212952f_Red hero_Run_8.png",
          "name": "Red hero_Run_8.png"
        }
      },
      {
        "alwaysLoaded": false,
        "file": "assets/Red hero_Run_9.png",
        "kind": "image",
        "metadata": "",
        "name": "Red hero_Run_9.png",
        "smoothed": true,
        "userAdded": false,
        "origin": {
          "identifier": "https://asset-resources.gdevelop.io/public-resources/GDevelop examples/Platformer/Player/3cd0257918963258abb710d65aac3da0df88c05cef3243244dd37bba5962fef1_Red hero_Run_9.png",
          "name": "Red hero_Run_9.png"
        }
      }
    ],
    "resourceFolders": []
  },
  "objects": [],
  "objectsGroups": [],
  "variables": [],
  "layouts": [
    {
      "b": 209,
      "disableInputWhenNotFocused": true,
      "mangledName": "inicial",
      "name": "inicial",
      "r": 209,
      "standardSortMethod": true,
      "stopSoundsOnStartup": true,
      "title": "",
      "v": 209,
      "uiSettings": {
        "grid": false,
        "gridType": "rectangular",
        "gridWidth": 32,
        "gridHeight": 32,
        "gridOffsetX": 0,
        "gridOffsetY": 0,
        "gridColor": 10401023,
        "gridAlpha": 0.8,
        "snap": false,
        "zoomFactor": 1,
        "windowMask": false
      },
      "objectsGroups": [],
      "variables": [],
      "instances": [
        {
          "angle": 0,
          "customSize": false,
          "height": 0,
          "layer": "",
          "name": "jogador",
          "persistentUuid": "513874ea-8247-45ee-8a03-1770d8c6516b",
          "width": 0,
          "x": 319,
          "y": 194,
          "zOrder": 1,
          "numberProperties": [],
          "stringProperties": [],
          "initialVariables": []
        },
        {
          "angle": 0,
          "customSize": false,
          "height": 0,
          "layer": "",
          "name": "texto",
          "persistentUuid": "d9726ea3-c85d-44d7-a029-1a904ede7130",
          "width": 0,
          "x": 153,
          "y": 346,
          "zOrder": 2,
          "numberProperties": [],
          "stringProperties": [],
          "initialVariables": []
        }
      ],
      "objects": [
        {
          "assetStoreId": "0d91b7b0a2a8562a0172b4d5e9bf3d80340f866a030aa7a5f3baf6157840f1c3",
          "name": "jogador",
          "tags": "",
          "type": "Sprite",
          "updateIfNotVisible": false,
          "variables": [],
          "effects": [],
          "behaviors": [],
          "animations": [
            {
              "name": "Idle",
              "useMultipleDirections": false,
              "directions": [
                {
                  "looping": true,
                  "timeBetweenFrames": 0.25,
                  "sprites": [
                    {
                      "hasCustomCollisionMask": false,
                      "image": "Red hero_Idle_1.png",
                      "points": [],
                      "originPoint": {
                        "name": "origine",
                        "x": 0,
                        "y": 0
                      },
                      "centerPoint": {
                        "automatic": true,
                        "name": "centre",
                        "x": 0,
                        "y": 0
                      },
                      "customCollisionMask": []
                    },
                    {
                      "hasCustomCollisionMask": false,
                      "image": "Red hero_Idle_2.png",
                      "points": [],
                      "originPoint": {
                        "name": "origine",
                        "x": 0,
                        "y": 0
                      },
                      "centerPoint": {
                        "automatic": true,
                        "name": "centre",
                        "x": 0,
                        "y": 0
                      },
                      "customCollisionMask": []
                    },
                    {
                      "hasCustomCollisionMask": false,
                      "image": "Red hero_Idle_3.png",
                      "points": [],
                      "originPoint": {
                        "name": "origine",
                        "x": 0,
                        "y": 0
                      },
                      "centerPoint": {
                        "automatic": true,
                        "name": "centre",
                        "x": 0,
                        "y": 0
                      },
                      "customCollisionMask": []
                    },
                    {
                      "hasCustomCollisionMask": false,
                      "image": "Red hero_Idle_4.png",
                      "points": [],
                      "originPoint": {
                        "name": "origine",
                        "x": 0,
                        "y": 0
                      },
                      "centerPoint": {
                        "automatic": true,
                        "name": "centre",
                        "x": 0,
                        "y": 0
                      },
                      "customCollisionMask": []
                    }
                  ]
                }
              ]
            },
            {
              "name": "Run",
              "useMultipleDirections": false,
              "directions": [
                {
                  "looping": true,
                  "timeBetweenFrames": 0.03999999910593033,
                  "sprites": [
                    {
                      "hasCustomCollisionMask": false,
                      "image": "Red hero_Run_1.png",
                      "points": [],
                      "originPoint": {
                        "name": "origine",
                        "x": 0,
                        "y": 0
                      },
                      "centerPoint": {
                        "automatic": true,
                        "name": "centre",
                        "x": 0,
                        "y": 0
                      },
                      "customCollisionMask": []
                    },
                    {
                      "hasCustomCollisionMask": false,
                      "image": "Red hero_Run_2.png",
                      "points": [],
                      "originPoint": {
                        "name": "origine",
                        "x": 0,
                        "y": 0
                      },
                      "centerPoint": {
                        "automatic": true,
                        "name": "centre",
                        "x": 0,
                        "y": 0
                      },
                      "customCollisionMask": []
                    },
                    {
                      "hasCustomCollisionMask": false,
                      "image": "Red hero_Run_3.png",
                      "points": [],
                      "originPoint": {
                        "name": "origine",
                        "x": 0,
                        "y": 0
                      },
                      "centerPoint": {
                        "automatic": true,
                        "name": "centre",
                        "x": 0,
                        "y": 0
                      },
                      "customCollisionMask": []
                    },
                    {
                      "hasCustomCollisionMask": false,
                      "image": "Red hero_Run_4.png",
                      "points": [],
                      "originPoint": {
                        "name": "origine",
                        "x": 0,
                        "y": 0
                      },
                      "centerPoint": {
                        "automatic": true,
                        "name": "centre",
                        "x": 0,
                        "y": 0
                      },
                      "customCollisionMask": []
                    },
                    {
                      "hasCustomCollisionMask": false,
                      "image": "Red hero_Run_5.png",
                      "points": [],
                      "originPoint": {
                        "name": "origine",
                        "x": 0,
                        "y": 0
                      },
                      "centerPoint": {
                        "automatic": true,
                        "name": "centre",
                        "x": 0,
                        "y": 0
                      },
                      "customCollisionMask": []
                    },
                    {
                      "hasCustomCollisionMask": false,
                      "image": "Red hero_Run_6.png",
                      "points": [],
                      "originPoint": {
                        "name": "origine",
                        "x": 0,
                        "y": 0
                      },
                      "centerPoint": {
                        "automatic": true,
                        "name": "centre",
                        "x": 0,
                        "y": 0
                      },
                      "customCollisionMask": []
                    },
                    {
                      "hasCustomCollisionMask": false,
                      "image": "Red hero_Run_7.png",
                      "points": [],
                      "originPoint": {
                        "name": "origine",
                        "x": 0,
                        "y": 0
                      },
                      "centerPoint": {
                        "automatic": true,
                        "name": "centre",
                        "x": 0,
                        "y": 0
                      },
                      "customCollisionMask": []
                    },
                    {
                      "hasCustomCollisionMask": false,
                      "image": "Red hero_Run_8.png",
                      "points": [],
                      "originPoint": {
                        "name": "origine",
                        "x": 0,
                        "y": 0
                      },
                      "centerPoint": {
                        "automatic": true,
                        "name": "centre",
                        "x": 0,
                        "y": 0
                      },
                      "customCollisionMask": []
                    },
                    {
                      "hasCustomCollisionMask": false,
                      "image": "Red hero_Run_9.png",
                      "points": [],
                      "originPoint": {
                        "name": "origine",
                        "x": 0,
                        "y": 0
                      },
                      "centerPoint": {
                        "automatic": true,
                        "name": "centre",
                        "x": 0,
                        "y": 0
                      },
                      "customCollisionMask": []
                    },
                    {
                      "hasCustomCollisionMask": false,
                      "image": "Red hero_Run_10.png",
                      "points": [],
                      "originPoint": {
                        "name": "origine",
                        "x": 0,
                        "y": 0
                      },
                      "centerPoint": {
                        "automatic": true,
                        "name": "centre",
                        "x": 0,
                        "y": 0
                      },
                      "customCollisionMask": []
                    },
                    {
                      "hasCustomCollisionMask": false,
                      "image": "Red hero_Run_11.png",
                      "points": [],
                      "originPoint": {
                        "name": "origine",
                        "x": 0,
                        "y": 0
                      },
                      "centerPoint": {
                        "automatic": true,
                        "name": "centre",
                        "x": 0,
                        "y": 0
                      },
                      "customCollisionMask": []
                    },
                    {
                      "hasCustomCollisionMask": false,
                      "image": "Red hero_Run_12.png",
                      "points": [],
                      "originPoint": {
                        "name": "origine",
                        "x": 0,
                        "y": 0
                      },
                      "centerPoint": {
                        "automatic": true,
                        "name": "centre",
                        "x": 0,
                        "y": 0
                      },
                      "customCollisionMask": []
                    },
                    {
                      "hasCustomCollisionMask": false,
                      "image": "Red hero_Run_13.png",
                      "points": [],
                      "originPoint": {
                        "name": "origine",
                        "x": 0,
                        "y": 0
                      },
                      "centerPoint": {
                        "automatic": true,
                        "name": "centre",
                        "x": 0,
                        "y": 0
                      },
                      "customCollisionMask": []
                    },
                    {
                      "hasCustomCollisionMask": false,
                      "image": "Red hero_Run_14.png",
                      "points": [],
                      "originPoint": {
                        "name": "origine",
                        "x": 0,
                        "y": 0
                      },
                      "centerPoint": {
                        "automatic": true,
                        "name": "centre",
                        "x": 0,
                        "y": 0
                      },
                      "customCollisionMask": []
                    },
                    {
                      "hasCustomCollisionMask": false,
                      "image": "Red hero_Run_15.png",
                      "points": [],
                      "originPoint": {
                        "name": "origine",
                        "x": 0,
                        "y": 0
                      },
                      "centerPoint": {
                        "automatic": true,
                        "name": "centre",
                        "x": 0,
                        "y": 0
                      },
                      "customCollisionMask": []
                    },
                    {
                      "hasCustomCollisionMask": false,
                      "image": "Red hero_Run_16.png",
                      "points": [],
                      "originPoint": {
                        "name": "origine",
                        "x": 0,
                        "y": 0
                      },
                      "centerPoint": {
                        "automatic": true,
                        "name": "centre",
                        "x": 0,
                        "y": 0
                      },
                      "customCollisionMask": []
                    },
                    {
                      "hasCustomCollisionMask": false,
                      "image": "Red hero_Run_17.png",
                      "points": [],
                      "originPoint": {
                        "name": "origine",
                        "x": 0,
                        "y": 0
                      },
                      "centerPoint": {
                        "automatic": true,
                        "name": "centre",
                        "x": 0,
                        "y": 0
                      },
                      "customCollisionMask": []
                    },
                    {
                      "hasCustomCollisionMask": false,
                      "image": "Red hero_Run_18.png",
                      "points": [],
                      "originPoint": {
                        "name": "origine",
                        "x": 0,
                        "y": 0
                      },
                      "centerPoint": {
                        "automatic": true,
                        "name": "centre",
                        "x": 0,
                        "y": 0
                      },
                      "customCollisionMask": []
                    },
                    {
                      "hasCustomCollisionMask": false,
                      "image": "Red hero_Run_19.png",
                      "points": [],
                      "originPoint": {
                        "name": "origine",
                        "x": 0,
                        "y": 0
                      },
                      "centerPoint": {
                        "automatic": true,
                        "name": "centre",
                        "x": 0,
                        "y": 0
                      },
                      "customCollisionMask": []
                    }
                  ]
                }
              ]
            },
            {
              "name": "Jump",
              "useMultipleDirections": false,
              "directions": [
                {
                  "looping": true,
                  "timeBetweenFrames": 0.02500000037252903,
                  "sprites": [
                    {
                      "hasCustomCollisionMask": false,
                      "image": "Red hero_Jump.png",
                      "points": [],
                      "originPoint": {
                        "name": "origine",
                        "x": 0,
                        "y": 0
                      },
                      "centerPoint": {
                        "automatic": true,
                        "name": "centre",
                        "x": 0,
                        "y": 0
                      },
                      "customCollisionMask": []
                    }
                  ]
                }
              ]
            },
            {
              "name": "Fall",
              "useMultipleDirections": false,
              "directions": [
                {
                  "looping": true,
                  "timeBetweenFrames": 0.02500000037252903,
                  "sprites": [
                    {
                      "hasCustomCollisionMask": false,
                      "image": "Red hero_Fall.png",
                      "points": [],
                      "originPoint": {
                        "name": "origine",
                        "x": 0,
                        "y": 0
                      },
                      "centerPoint": {
                        "automatic": true,
                        "name": "centre",
                        "x": 0,
                        "y": 0
                      },
                      "customCollisionMask": []
                    }
                  ]
                }
              ]
            },
            {
              "name": "Climb",
              "useMultipleDirections": false,
              "directions": [
                {
                  "looping": true,
                  "timeBetweenFrames": 0.03999999910593033,
                  "sprites": [
                    {
                      "hasCustomCollisionMask": false,
                      "image": "Red hero_Climb_1.png",
                      "points": [],
                      "originPoint": {
                        "name": "origine",
                        "x": 0,
                        "y": 0
                      },
                      "centerPoint": {
                        "automatic": true,
                        "name": "centre",
                        "x": 0,
                        "y": 0
                      },
                      "customCollisionMask": []
                    },
                    {
                      "hasCustomCollisionMask": false,
                      "image": "Red hero_Climb_2.png",
                      "points": [],
                      "originPoint": {
                        "name": "origine",
                        "x": 0,
                        "y": 0
                      },
                      "centerPoint": {
                        "automatic": true,
                        "name": "centre",
                        "x": 0,
                        "y": 0
                      },
                      "customCollisionMask": []
                    },
                    {
                      "hasCustomCollisionMask": false,
                      "image": "Red hero_Climb_3.png",
                      "points": [],
                      "originPoint": {
                        "name": "origine",
                        "x": 0,
                        "y": 0
                      },
                      "centerPoint": {
                        "automatic": true,
                        "name": "centre",
                        "x": 0,
                        "y": 0
                      },
                      "customCollisionMask": []
                    },
                    {
                      "hasCustomCollisionMask": false,
                      "image": "Red hero_Climb_4.png",
                      "points": [],
                      "originPoint": {
                        "name": "origine",
                        "x": 0,
                        "y": 0
                      },
                      "centerPoint": {
                        "automatic": true,
                        "name": "centre",
                        "x": 0,
                        "y": 0
                      },
                      "customCollisionMask": []
                    },
                    {
                      "hasCustomCollisionMask": false,
                      "image": "Red hero_Climb_5.png",
                      "points": [],
                      "originPoint": {
                        "name": "origine",
                        "x": 0,
                        "y": 0
                      },
                      "centerPoint": {
                        "automatic": true,
                        "name": "centre",
                        "x": 0,
                        "y": 0
                      },
                      "customCollisionMask": []
                    },
                    {
                      "hasCustomCollisionMask": false,
                      "image": "Red hero_Climb_6.png",
                      "points": [],
                      "originPoint": {
                        "name": "origine",
                        "x": 0,
                        "y": 0
                      },
                      "centerPoint": {
                        "automatic": true,
                        "name": "centre",
                        "x": 0,
                        "y": 0
                      },
                      "customCollisionMask": []
                    },
                    {
                      "hasCustomCollisionMask": false,
                      "image": "Red hero_Climb_7.png",
                      "points": [],
                      "originPoint": {
                        "name": "origine",
                        "x": 0,
                        "y": 0
                      },
                      "centerPoint": {
                        "automatic": true,
                        "name": "centre",
                        "x": 0,
                        "y": 0
                      },
                      "customCollisionMask": []
                    },
                    {
                      "hasCustomCollisionMask": false,
                      "image": "Red hero_Climb_8.png",
                      "points": [],
                      "originPoint": {
                        "name": "origine",
                        "x": 0,
                        "y": 0
                      },
                      "centerPoint": {
                        "automatic": true,
                        "name": "centre",
                        "x": 0,
                        "y": 0
                      },
                      "customCollisionMask": []
                    },
                    {
                      "hasCustomCollisionMask": false,
                      "image": "Red hero_Climb_9.png",
                      "points": [],
                      "originPoint": {
                        "name": "origine",
                        "x": 0,
                        "y": 0
                      },
                      "centerPoint": {
                        "automatic": true,
                        "name": "centre",
                        "x": 0,
                        "y": 0
                      },
                      "customCollisionMask": []
                    },
                    {
                      "hasCustomCollisionMask": false,
                      "image": "Red hero_Climb_10.png",
                      "points": [],
                      "originPoint": {
                        "name": "origine",
                        "x": 0,
                        "y": 0
                      },
                      "centerPoint": {
                        "automatic": true,
                        "name": "centre",
                        "x": 0,
                        "y": 0
                      },
                      "customCollisionMask": []
                    },
                    {
                      "hasCustomCollisionMask": false,
                      "image": "Red hero_Climb_11.png",
                      "points": [],
                      "originPoint": {
                        "name": "origine",
                        "x": 0,
                        "y": 0
                      },
                      "centerPoint": {
                        "automatic": true,
                        "name": "centre",
                        "x": 0,
                        "y": 0
                      },
                      "customCollisionMask": []
                    },
                    {
                      "hasCustomCollisionMask": false,
                      "image": "Red hero_Climb_12.png",
                      "points": [],
                      "originPoint": {
                        "name": "origine",
                        "x": 0,
                        "y": 0
                      },
                      "centerPoint": {
                        "automatic": true,
                        "name": "centre",
                        "x": 0,
                        "y": 0
                      },
                      "customCollisionMask": []
                    }
                  ]
                }
              ]
            }
          ]
        },
        {
          "assetStoreId": "",
          "bold": false,
          "italic": false,
          "name": "texto",
          "smoothed": true,
          "tags": "",
          "type": "TextObject::Text",
          "underlined": false,
          "variables": [],
          "effects": [],
          "behaviors": [],
          "string": "Ainda não Clicou",
          "font": "",
          "characterSize": 60,
          "color": {
            "b": 0,
            "g": 0,
            "r": 0
          }
        }
      ],
      "events": [
        {
          "type": "BuiltinCommonInstructions::Standard",
          "conditions": [
            {
              "type": {
                "value": "MouseButtonFromTextPressed"
              },
              "parameters": [
                "",
                "\"Left\""
              ]
            }
          ],
          "actions": [
            {
              "type": {
                "value": "TextObject::String"
              },
              "parameters": [
                "texto",
                "=",
                "\"Agora clicou\""
              ]
            }
          ]
        },
        {
          "type": "BuiltinCommonInstructions::Standard",
          "conditions": [
            {
              "type": {
                "value": "KeyPressed"
              },
              "parameters": [
                "",
                "Space"
              ]
            }
          ],
          "actions": [
            {
              "type": {
                "value": "TextObject::String"
              },
              "parameters": [
                "texto",
                "=",
                "\"Teclou em Espaço\""
              ]
            }
          ]
        }
      ],
      "layers": [
        {
          "ambientLightColorB": 0,
          "ambientLightColorG": 8027712,
          "ambientLightColorR": 16,
          "followBaseLayerCamera": false,
          "isLightingLayer": false,
          "name": "",
          "visibility": true,
          "cameras": [
            {
              "defaultSize": true,
              "defaultViewport": true,
              "height": 0,
              "viewportBottom": 1,
              "viewportLeft": 0,
              "viewportRight": 1,
              "viewportTop": 0,
              "width": 0
            }
          ],
          "effects": []
        }
      ],
      "behaviorsSharedData": []
    }
  ],
  "externalEvents": [],
  "eventsFunctionsExtensions": [],
  "externalLayouts": [],
  "externalSourceFiles": []
}