{
  "firstLayout": "",
  "gdVersion": {
    "build": 99,
    "major": 4,
    "minor": 0,
    "revision": 0
  },
  "properties": {
    "adaptGameResolutionAtRuntime": false,
    "folderProject": false,
    "orientation": "default",
    "packageName": "com.example.parallax",
    "pixelsRounding": false,
    "projectUuid": "6f494c37-dc0a-40a4-8ef6-2bd4b658fbdd",
    "scaleMode": "linear",
    "sizeOnStartupMode": "adaptWidth",
    "templateSlug": "parallax",
    "useDeprecatedZeroAsDefaultZOrder": true,
    "useExternalSourceFiles": false,
    "version": "1.0.0",
    "name": "Delirious Rest (Parallax)",
    "description": "",
    "author": "",
    "windowWidth": 600,
    "windowHeight": 400,
    "latestCompilationDirectory": "",
    "maxFPS": 60,
    "minFPS": 10,
    "verticalSync": false,
    "platformSpecificAssets": {},
    "loadingScreen": {
      "backgroundColor": 0,
      "backgroundFadeInDuration": 0.2,
      "backgroundImageResourceName": "",
      "gdevelopLogoStyle": "light",
      "logoAndProgressFadeInDuration": 0.2,
      "logoAndProgressLogoFadeInDelay": 0.2,
      "minDuration": 1.5,
      "progressBarColor": 16777215,
      "progressBarHeight": 20,
      "progressBarMaxWidth": 200,
      "progressBarMinWidth": 40,
      "progressBarWidthPercent": 30,
      "showGDevelopSplash": true,
      "showProgressBar": true
    },
    "authorIds": [],
    "categories": [],
    "playableDevices": [],
    "extensionProperties": [],
    "platforms": [
      {
        "name": "GDevelop JS platform"
      }
    ],
    "currentPlatform": "GDevelop JS platform"
  },
  "resources": {
    "resources": [
      {
        "alwaysLoaded": false,
        "file": "assets/Vegetation_middle_layer.png",
        "kind": "image",
        "metadata": "",
        "name": "Vegetation_middle_layer.png",
        "smoothed": true,
        "userAdded": true
      },
      {
        "alwaysLoaded": false,
        "file": "assets/Ground_front_layer.png",
        "kind": "image",
        "metadata": "",
        "name": "Ground_front_layer.png",
        "smoothed": true,
        "userAdded": true
      },
      {
        "alwaysLoaded": false,
        "file": "assets/Sky_back_layer.png",
        "kind": "image",
        "metadata": "",
        "name": "Sky_back_layer.png",
        "smoothed": true,
        "userAdded": true
      },
      {
        "alwaysLoaded": false,
        "file": "assets/Elisa_standing.png",
        "kind": "image",
        "metadata": "",
        "name": "Elisa_standing.png",
        "smoothed": true,
        "userAdded": true
      }
    ],
    "resourceFolders": []
  },
  "objects": [],
  "objectsGroups": [],
  "variables": [],
  "layouts": [
    {
      "b": 209,
      "disableInputWhenNotFocused": true,
      "mangledName": "New_32scene",
      "name": "New scene",
      "r": 209,
      "standardSortMethod": true,
      "stopSoundsOnStartup": true,
      "title": "",
      "v": 209,
      "uiSettings": {
        "grid": false,
        "gridType": "rectangular",
        "gridWidth": 32,
        "gridHeight": 32,
        "gridOffsetX": 0,
        "gridOffsetY": 0,
        "gridColor": 10401023,
        "gridAlpha": 0.8,
        "snap": false,
        "zoomFactor": 0.7599999999999998,
        "windowMask": false
      },
      "objectsGroups": [],
      "variables": [],
      "instances": [
        {
          "angle": 0,
          "customSize": false,
          "height": 0,
          "layer": "",
          "name": "ObjectToFollow",
          "persistentUuid": "08780f2f-a2fc-4701-a58a-2aac61e4bba0",
          "width": 0,
          "x": -128,
          "y": 320,
          "zOrder": 1,
          "numberProperties": [],
          "stringProperties": [],
          "initialVariables": []
        },
        {
          "angle": 0,
          "customSize": false,
          "height": 0,
          "layer": "Layer4",
          "name": "Background",
          "persistentUuid": "9158bd08-2171-4cd5-8da5-a2155549ada5",
          "width": 0,
          "x": -640,
          "y": -32,
          "zOrder": 1,
          "numberProperties": [],
          "stringProperties": [],
          "initialVariables": []
        },
        {
          "angle": 0,
          "customSize": false,
          "height": 0,
          "layer": "Layer3",
          "name": "Background",
          "persistentUuid": "5c39bf06-6e63-49cc-8b52-f14d89a5bf99",
          "width": 0,
          "x": -640,
          "y": -32,
          "zOrder": 1,
          "numberProperties": [
            {
              "name": "animation",
              "value": 1
            }
          ],
          "stringProperties": [],
          "initialVariables": []
        },
        {
          "angle": 0,
          "customSize": false,
          "height": 0,
          "layer": "Layer2",
          "name": "Background",
          "persistentUuid": "a043c250-1d67-44af-b5eb-800bdec4454f",
          "width": 0,
          "x": -608,
          "y": -32,
          "zOrder": 1,
          "numberProperties": [
            {
              "name": "animation",
              "value": 2
            }
          ],
          "stringProperties": [],
          "initialVariables": []
        },
        {
          "angle": 0,
          "customSize": false,
          "height": 0,
          "layer": "Layer3",
          "name": "Background",
          "persistentUuid": "57e712c7-5ffa-40a1-869a-3f1021fe4917",
          "width": 0,
          "x": 0,
          "y": -32,
          "zOrder": 1,
          "numberProperties": [
            {
              "name": "animation",
              "value": 1
            }
          ],
          "stringProperties": [],
          "initialVariables": []
        },
        {
          "angle": 0,
          "customSize": false,
          "height": 0,
          "layer": "Layer2",
          "name": "Background",
          "persistentUuid": "c6dc540b-4b74-4038-8705-d7f3c6d5883d",
          "width": 0,
          "x": 0,
          "y": -32,
          "zOrder": 1,
          "numberProperties": [
            {
              "name": "animation",
              "value": 2
            }
          ],
          "stringProperties": [],
          "initialVariables": []
        },
        {
          "angle": 0,
          "customSize": false,
          "height": 0,
          "layer": "Layer4",
          "name": "Background",
          "persistentUuid": "a58f7530-5114-4919-b563-82b5aa9f8b0b",
          "width": 0,
          "x": 0,
          "y": -32,
          "zOrder": 1,
          "numberProperties": [],
          "stringProperties": [],
          "initialVariables": []
        }
      ],
      "objects": [
        {
          "assetStoreId": "",
          "name": "Background",
          "tags": "",
          "type": "Sprite",
          "updateIfNotVisible": true,
          "variables": [],
          "effects": [],
          "behaviors": [],
          "animations": [
            {
              "name": "",
              "useMultipleDirections": false,
              "directions": [
                {
                  "looping": false,
                  "timeBetweenFrames": 1,
                  "sprites": [
                    {
                      "hasCustomCollisionMask": false,
                      "image": "Sky_back_layer.png",
                      "points": [],
                      "originPoint": {
                        "name": "origine",
                        "x": 0,
                        "y": 0
                      },
                      "centerPoint": {
                        "automatic": true,
                        "name": "centre",
                        "x": 0,
                        "y": 0
                      },
                      "customCollisionMask": [
                        [
                          {
                            "x": 0,
                            "y": 0
                          },
                          {
                            "x": 0,
                            "y": 0
                          },
                          {
                            "x": 0,
                            "y": 0
                          },
                          {
                            "x": 0,
                            "y": 0
                          }
                        ]
                      ]
                    }
                  ]
                }
              ]
            },
            {
              "name": "",
              "useMultipleDirections": false,
              "directions": [
                {
                  "looping": false,
                  "timeBetweenFrames": 1,
                  "sprites": [
                    {
                      "hasCustomCollisionMask": false,
                      "image": "Vegetation_middle_layer.png",
                      "points": [],
                      "originPoint": {
                        "name": "origine",
                        "x": 0,
                        "y": 0
                      },
                      "centerPoint": {
                        "automatic": true,
                        "name": "centre",
                        "x": 0,
                        "y": 0
                      },
                      "customCollisionMask": []
                    }
                  ]
                }
              ]
            },
            {
              "name": "",
              "useMultipleDirections": false,
              "directions": [
                {
                  "looping": false,
                  "timeBetweenFrames": 1,
                  "sprites": [
                    {
                      "hasCustomCollisionMask": false,
                      "image": "Ground_front_layer.png",
                      "points": [],
                      "originPoint": {
                        "name": "origine",
                        "x": 0,
                        "y": 0
                      },
                      "centerPoint": {
                        "automatic": true,
                        "name": "centre",
                        "x": 0,
                        "y": 0
                      },
                      "customCollisionMask": []
                    }
                  ]
                }
              ]
            }
          ]
        },
        {
          "assetStoreId": "",
          "name": "ObjectToFollow",
          "tags": "",
          "type": "Sprite",
          "updateIfNotVisible": true,
          "variables": [],
          "effects": [],
          "behaviors": [],
          "animations": [
            {
              "name": "",
              "useMultipleDirections": false,
              "directions": [
                {
                  "looping": false,
                  "timeBetweenFrames": 1,
                  "sprites": [
                    {
                      "hasCustomCollisionMask": false,
                      "image": "Elisa_standing.png",
                      "points": [],
                      "originPoint": {
                        "name": "origine",
                        "x": 0,
                        "y": 0
                      },
                      "centerPoint": {
                        "automatic": true,
                        "name": "centre",
                        "x": 0,
                        "y": 0
                      },
                      "customCollisionMask": [
                        [
                          {
                            "x": 0,
                            "y": 0
                          },
                          {
                            "x": 0,
                            "y": 0
                          },
                          {
                            "x": 0,
                            "y": 0
                          },
                          {
                            "x": 0,
                            "y": 0
                          }
                        ]
                      ]
                    }
                  ]
                }
              ]
            }
          ]
        }
      ],
      "events": [
        {
          "type": "BuiltinCommonInstructions::Comment",
          "color": {
            "b": 109,
            "g": 230,
            "r": 255,
            "textB": 0,
            "textG": 0,
            "textR": 0
          },
          "comment": "The character can just be moved left and right - in a real game you can use the Platformer character behavior.",
          "comment2": ""
        },
        {
          "type": "BuiltinCommonInstructions::Standard",
          "conditions": [
            {
              "type": {
                "value": "KeyPressed"
              },
              "parameters": [
                "",
                "Left"
              ]
            }
          ],
          "actions": [
            {
              "type": {
                "value": "AddForceXY"
              },
              "parameters": [
                "ObjectToFollow",
                "-200",
                "0",
                "0"
              ]
            }
          ]
        },
        {
          "type": "BuiltinCommonInstructions::Standard",
          "conditions": [
            {
              "type": {
                "value": "KeyPressed"
              },
              "parameters": [
                "",
                "Right"
              ]
            }
          ],
          "actions": [
            {
              "type": {
                "value": "AddForceXY"
              },
              "parameters": [
                "ObjectToFollow",
                "200",
                "0",
                "0"
              ]
            }
          ]
        },
        {
          "type": "BuiltinCommonInstructions::Standard",
          "conditions": [],
          "actions": [
            {
              "type": {
                "value": "MoveObjects"
              },
              "parameters": [
                ""
              ]
            }
          ]
        },
        {
          "type": "BuiltinCommonInstructions::Comment",
          "color": {
            "b": 109,
            "g": 230,
            "r": 255,
            "textB": 0,
            "textG": 0,
            "textR": 0
          },
          "comment": "Parallax is achieved by setting the position of the camera to the position of the player, multiplied by a factor (between 0 and 1).\nA small factor makes the layer appears far.\nA factor close to 1 makes the layer appears like if it was near the player.",
          "comment2": ""
        },
        {
          "type": "BuiltinCommonInstructions::Standard",
          "conditions": [],
          "actions": [
            {
              "type": {
                "value": "CameraX"
              },
              "parameters": [
                "",
                "=",
                "ObjectToFollow.X()",
                "",
                ""
              ]
            },
            {
              "type": {
                "value": "CameraX"
              },
              "parameters": [
                "",
                "=",
                "ObjectToFollow.X()*0.75",
                "\"Layer2\"",
                ""
              ]
            },
            {
              "type": {
                "value": "CameraX"
              },
              "parameters": [
                "",
                "=",
                "ObjectToFollow.X()*0.50",
                "\"Layer3\"",
                ""
              ]
            },
            {
              "type": {
                "value": "CameraX"
              },
              "parameters": [
                "",
                "=",
                "ObjectToFollow.X()*0.25",
                "\"Layer4\"",
                ""
              ]
            }
          ]
        }
      ],
      "layers": [
        {
          "ambientLightColorB": 200,
          "ambientLightColorG": 200,
          "ambientLightColorR": 200,
          "followBaseLayerCamera": false,
          "isLightingLayer": false,
          "name": "Layer4",
          "visibility": true,
          "cameras": [
            {
              "defaultSize": true,
              "defaultViewport": true,
              "height": 0,
              "viewportBottom": 1,
              "viewportLeft": 0,
              "viewportRight": 1,
              "viewportTop": 0,
              "width": 0
            }
          ],
          "effects": []
        },
        {
          "ambientLightColorB": 200,
          "ambientLightColorG": 200,
          "ambientLightColorR": 200,
          "followBaseLayerCamera": false,
          "isLightingLayer": false,
          "name": "Layer3",
          "visibility": true,
          "cameras": [
            {
              "defaultSize": true,
              "defaultViewport": true,
              "height": 0,
              "viewportBottom": 1,
              "viewportLeft": 0,
              "viewportRight": 1,
              "viewportTop": 0,
              "width": 0
            }
          ],
          "effects": []
        },
        {
          "ambientLightColorB": 200,
          "ambientLightColorG": 200,
          "ambientLightColorR": 200,
          "followBaseLayerCamera": false,
          "isLightingLayer": false,
          "name": "Layer2",
          "visibility": true,
          "cameras": [
            {
              "defaultSize": true,
              "defaultViewport": true,
              "height": 0,
              "viewportBottom": 1,
              "viewportLeft": 0,
              "viewportRight": 1,
              "viewportTop": 0,
              "width": 0
            }
          ],
          "effects": []
        },
        {
          "ambientLightColorB": 200,
          "ambientLightColorG": 200,
          "ambientLightColorR": 200,
          "followBaseLayerCamera": false,
          "isLightingLayer": false,
          "name": "",
          "visibility": true,
          "cameras": [
            {
              "defaultSize": true,
              "defaultViewport": true,
              "height": 0,
              "viewportBottom": 1,
              "viewportLeft": 0,
              "viewportRight": 1,
              "viewportTop": 0,
              "width": 0
            }
          ],
          "effects": []
        }
      ],
      "behaviorsSharedData": []
    }
  ],
  "externalEvents": [],
  "eventsFunctionsExtensions": [],
  "externalLayouts": [],
  "externalSourceFiles": []
}