{
  "associatedLayout": "Fase1",
  "lastChangeTimeStamp": 0,
  "name": "zombieEvents",
  "events": [
    {
      "colorB": 228,
      "colorG": 176,
      "colorR": 74,
      "creationTime": 0,
      "name": "Eventos sem condições",
      "source": "",
      "type": "BuiltinCommonInstructions::Group",
      "events": [
        {
          "type": "BuiltinCommonInstructions::Standard",
          "conditions": [],
          "actions": [
            {
              "type": {
                "value": "SeparateFromObjects"
              },
              "parameters": [
                "xico",
                "zombie",
                ""
              ]
            },
            {
              "type": {
                "value": "SeparateFromObjects"
              },
              "parameters": [
                "zombie",
                "zombie",
                ""
              ]
            }
          ]
        }
      ],
      "parameters": []
    },
    {
      "colorB": 228,
      "colorG": 176,
      "colorR": 74,
      "creationTime": 0,
      "name": "Movimentação do Zombie",
      "source": "",
      "type": "BuiltinCommonInstructions::Group",
      "events": [
        {
          "type": "BuiltinCommonInstructions::Standard",
          "conditions": [
            {
              "type": {
                "value": "Distance"
              },
              "parameters": [
                "xico",
                "zombie",
                "250",
                ""
              ]
            }
          ],
          "actions": [
            {
              "type": {
                "value": "PathfindingBehavior::SetDestination"
              },
              "parameters": [
                "zombie",
                "Pathfinding",
                "",
                "xico.X()",
                "xico.Y()"
              ]
            }
          ]
        },
        {
          "type": "BuiltinCommonInstructions::Standard",
          "conditions": [
            {
              "type": {
                "value": "CollisionNP"
              },
              "parameters": [
                "xico",
                "zombie",
                "",
                "",
                ""
              ]
            }
          ],
          "actions": [
            {
              "type": {
                "value": "PathfindingBehavior::Speed"
              },
              "parameters": [
                "zombie",
                "Pathfinding",
                "=",
                "0"
              ]
            }
          ]
        }
      ],
      "parameters": []
    },
    {
      "colorB": 228,
      "colorG": 176,
      "colorR": 74,
      "creationTime": 0,
      "name": "Vida e morte",
      "source": "",
      "type": "BuiltinCommonInstructions::Group",
      "events": [
        {
          "type": "BuiltinCommonInstructions::Standard",
          "conditions": [
            {
              "type": {
                "value": "CollisionNP"
              },
              "parameters": [
                "bala",
                "zombie",
                "",
                "",
                ""
              ]
            },
            {
              "type": {
                "value": "BuiltinCommonInstructions::Once"
              },
              "parameters": []
            }
          ],
          "actions": [
            {
              "type": {
                "value": "ModVarObjet"
              },
              "parameters": [
                "zombie",
                "zombieLife",
                "-",
                "1"
              ]
            },
            {
              "type": {
                "value": "Delete"
              },
              "parameters": [
                "bala",
                ""
              ]
            }
          ]
        }
      ],
      "parameters": []
    },
    {
      "colorB": 228,
      "colorG": 176,
      "colorR": 74,
      "creationTime": 0,
      "name": "Morde do zumbi",
      "source": "",
      "type": "BuiltinCommonInstructions::Group",
      "events": [
        {
          "type": "BuiltinCommonInstructions::Standard",
          "conditions": [
            {
              "type": {
                "value": "VarObjet"
              },
              "parameters": [
                "zombie",
                "zombieLife",
                "<=",
                "0"
              ]
            }
          ],
          "actions": [
            {
              "type": {
                "value": "ChangeAnimation"
              },
              "parameters": [
                "zombie",
                "=",
                "1"
              ]
            }
          ]
        }
      ],
      "parameters": []
    },
    {
      "type": "BuiltinCommonInstructions::Standard",
      "conditions": [
        {
          "type": {
            "value": "Animation"
          },
          "parameters": [
            "zombie",
            "=",
            "1"
          ]
        },
        {
          "type": {
            "value": "AnimationEnded2"
          },
          "parameters": [
            "zombie"
          ]
        }
      ],
      "actions": [
        {
          "type": {
            "value": "Delete"
          },
          "parameters": [
            "zombie",
            ""
          ]
        }
      ]
    }
  ]
}