<?xml version="1.0" encoding="UTF-8"?>
<extension type="component" version="3.0" method="upgrade">
	<name>backupxm</name>
	<creationDate>Dezembro 2023</creationDate>
	<author>Ribamar FS</author>
	<authorEmail>ribafs@gmail.com</authorEmail>
	<authorUrl>https://ribamar.net.br</authorUrl>
	<copyright>Copyright (C) 2023 Ribamar FS. All rights reserved.</copyright>
	<license>http://www.gnu.org/licenses/gpl-2.0.html GNU/GPL</license>
	<version>2.0</version>
	<description>Componente de backup de Arquivos e do banco de site Joomla com opção de não incluir uma pasta no pacote</description>

	<administration>
		<menu>COM_BACKUPXM</menu>
		<files folder="admin">
			<filename>backupxm.php</filename>
		</files>
		<languages>
			<language tag="pt-BR">language/pt-BR/pt-BR.com_backupxm.sys.ini</language>
			<language tag="pt-BR">language/pt-BR/pt-BR.com_backupxm.ini</language>
			<language tag="en-GB">language/en-GB/en-GB.com_backupxm.sys.ini</language>
			<language tag="en-GB">language/en-GB/en-GB.com_backupxm.ini</language>
		</languages>
	</administration>
</extension>

